:020000040800F2
:10000000A09E002451040008837E00084971000866
:10001000817E000839180008A1A200080000000035
:100020000000000000000000000000009103000834
:10003000411E000800000000ED030008458F000885
:100040006F0400086F0400086F0400086F040008C4
:100050006F0400086F0400086F0400086F040008B4
:100060006F0400086F0400086F040008C11900083D
:10007000CD190008D9190008E5190008F119000880
:10008000FD1900086F0400086F0400086F040008E1
:100090006F0400086F0400086F0400086F04000874
:1000A0006F040008C19100086F0400086F04000885
:1000B0006F040008CD9100086F0400086F04000869
:1000C0006F0400086F0400086F0400086F04000844
:1000D0006F0400086F04000889A200086F0400087C
:1000E0006F0400086F040008000000006F0400089F
:1000F0006F0400086F0400086F0400086F04000814
:100100006F040008198100086F0400086F040008DC
:100110006F0400088D990008D99100086F04000849
:100120006F0400086F0400086F0400086F040008E3
:100130006F0400086F0400086F0400086F040008D3
:1001400000000000000000000000000000000000AF
:100150006F0400086F0400086F04000895A20008EF
:100160006F0400086F0400086F0400086F040008A3
:100170006F0400086F0400086F040008000000000E
:100180006F0400086F040008059A0008119A00081F
:100190006F0400086F0400086F0400086F04000873
:1001A0006F0400086F0400086F0400086F04000863
:1001B0006F0400086F0400086F0400086F04000853
:1001C0006F0400086F0400086F0400086F04000843
:1001D0006F0400086F0400086F0400086F04000833
:1001E0006F0400086F0400086F0400086F04000823
:1001F0006F0400086F0400086F0400086F04000813
:100200006F0400086F0400086F0400086F04000802
:100210006F0400086F0400086F0400086F040008F2
:100220006F0400086F0400086F040008000000005D
:100230006F0400086F040008000000006F0400084D
:100240006F0400086F0400086F0400086F040008C2
:100250006F0400086F0400086F0400086F040008B2
:100260006F0400086F0400086F0400086F040008A2
:100270006F0400086F0400086F040008000000000D
:100280006F0400086F0400086F04000800000000FD
:10029000000000006F04000800F002F800F069F8A8
:1002A0000AA090E8000C82448344AAF10107DA45D1
:1002B00001D100F05EF8AFF2090EBAE80F0013F0BA
:1002C000010F18BFFB1A43F00103184758FF000045
:1002D00078FF00000A444FF0000C10F8013B13F0C7
:1002E000070408BF10F8014B1D1108BF10F8015B8F
:1002F000641E05D010F8016B641E01F8016BF9D182
:1003000013F0080F1EBF10F8014BAD1C0C1B09D1D8
:100310006D1E58BF01F801CBFAD505E014F8016B4A
:1003200001F8016B6D1EF9D59142D6D370470000DC
:100330000023002400250026103A28BF78C1FBD8EE
:10034000520728BF30C148BF0B60704766290FF0C5
:100350003C80002070471FB50FF032F800F0C8FC59
:100360000400002000210FF015F8E0601FBD10B55B
:1003700010BD00F0C1FD1146FFF7EDFF0CF0FCFFD2
:1003800000F0DFFD03B4FFF7F2FF03BC00F016FE40
:100390002C4B19680868B0E8F04F80F30988BFF368
:1003A0006F8F4FF0000080F311887047000000004D
:1003B00008480068006880F308884FF0000080F368
:1003C000148862B661B6BFF34F8FBFF36F8F00DF43
:1003D00000BF00BF08ED00E0DFF80C00016841F449
:1003E00070010160704700BF88ED00E0EFF3098005
:1003F000BFF36F8F134B1A681EF0100F08BF20ED6C
:10040000108A20E9F04F106009B44FF0500080F3DB
:100410001188BFF34F8FBFF36F8F0EF0BDF84FF011
:10042000000080F3118809BC19680868B0E8F04F33
:100430001EF0100F08BFB0EC108A80F30988BFF3DC
:100440006F8F704734000024EFF305807047000081
:100450000A4880470A4880470A480047FEE7FEE707
:10046000FEE7FEE7FEE7FEE7FEE7FEE7FEE7FEE764
:1004700005480649064A074B70470000491E000818
:100480001990000899020008A06E0024A09E002484
:10049000A07E0024A07E002453EA020C00F06980B4
:1004A0002DE9F04B4FF00006002B1FBFB3FA83F588
:1004B00003FA05F424FA05F65E4012BF1643B2FAB9
:1004C00082F502FA05F4C5F120051EBF22FA05FCEB
:1004D00044EA0C04203556EA044C4FEA144418BF91
:1004E000641C4FF000084FF00009904271EB030CC0
:1004F00039D3002919BFB1FA81F701FA07F6B0FA2A
:1005000080F700FA07F6C7F120071EBF20FA07FCA4
:1005100046EA0C062037B6FBF4FCA7EB0507103FB4
:1005200007F01F0BCBF120060CFA0BFB2CFA06F69A
:1005300044BFB3460026202FA4BF5E464FF0000BF9
:100540005BEA060C08BF4FF0010B19EB0B09ABFB84
:10055000027C48EB0608C01B06FB02CC0BFB03CC5D
:1005600071EB0C01C1E70B46024641464846BDE827
:10057000F08B13B54FF000004FF00001AFF3008097
:10058000BDE81C40704700000FB41CB5074B06AA1D
:100590007B4469460090059800F091FB0020694675
:1005A00000F0A0FB1CBC5DF814FB0000510700002C
:1005B0002DE9F05F894604464FF0000ADFF824B1C8
:1005C000FB44C0F820A02046E168884700287DD081
:1005D000252806D0D4E901219047206A401C2062DA
:1005E000F1E700255F462046E16888472028064657
:1005F00007DB312E05D2B81910F8200C08B10543DD
:10060000F1E7A80701D525F00405C4F81CA00027D0
:10061000C4F818A02A2E09D030460AF01FFC38B3BF
:1006200004EB8708303EC8F8186019E059F8041B3D
:10063000204604EB87029161E1688847012F064656
:1006400018D1E069002820DA25F020051DE0D8F84F
:10065000180000EB800006EB40003038C8F81800A6
:100660002046E168884706460AF0F8FB0028EED1EC
:10067000012F0AD02E2E08D12046E16888477F1C22
:100680000646022F45F02005C4DBA069002803DAE6
:10069000404245F00105A061E80701D025F01005B2
:1006A000A6B1A6F14100192802D8203645F400650C
:1006B0004A463146204625604D46FFF747FE60B169
:1006C000012807D0ED1D25F0070000E007E000F14C
:1006D000080978E705F1040975E730467AE7206AEA
:1006E000BDE8F09FE4F90000032A40F2308010F0EA
:1006F000030C00F0158011F8013BBCF1020F6244BD
:1007000098BF11F801CB00F8013B38BF11F8013B4D
:10071000A2F1040298BF00F801CB38BF00F8013BFA
:1007200011F0030300F02580083AC0F0088051F86A
:10073000043B083A51F804CBA0E80810F5E7121D75
:100740005CBF51F8043B40F8043BAFF30080D20794
:1007500024BF11F8013B11F801CB48BF11F8012B60
:1007600024BF00F8013B00F801CB48BF00F8012B83
:10077000704710B5203AC0F00B80B1E81850203A0D
:10078000A0E81850B1E81850A0E81850BFF4F5AF31
:100790005FEA027C24BFB1E81850A0E8185044BFBB
:1007A00018C918C0BDE810405FEA827C24BF51F828
:1007B000043B40F8043B08BF7047D20728BF31F81C
:1007C000023B48BF11F8012B28BF20F8023B48BF6D
:1007D00000F8012B704702F0FF0343EA032242EACC
:1007E000024200F002B84FF000020429C0F012806B
:1007F00010F0030C00F01B80CCF1040CBCF1020FD4
:1008000018BF00F8012BA8BF20F8022BA1EB0C01A8
:1008100000F00DB85FEAC17C24BF00F8012B00F89E
:10082000012B48BF00F8012B70474FF0000200B5C4
:10083000134694469646203922BFA0E80C50A0E803
:100840000C50B1F12001BFF4F7AF090728BFA0E8B1
:100850000C5048BF0CC05DF804EB890028BF40F87D
:10086000042B08BF704748BF20F8022B11F0804FBF
:1008700018BF00F8012B704770477047704710B5DC
:1008800000F03AFA006810BD10B5044600F034FAE2
:10089000046010BD70472DE9FF4F0C461E464FF017
:1008A000FF378BB0D2E90001DDF860800A908A46FC
:1008B000C1F30A5505B93D46002108464FF0000036
:1008C000BAF1000F00F4400005DA00EB80004FF4AD
:1008D000400101EA50004FEA9059B9F1010F00DDE3
:1008E000B9460A9850EA4A000ED044F61050A5F2D4
:1008F000FF3545432F14B8F1000F1ED07542291E55
:100900001EDDC9F100021CE0B8F1010F4FF000003C
:1009100001D0302103E0F24305E02154401CB042F5
:10092000FBDB30460022002121540B99C1F80880DE
:10093000C1E900200FB0BDE8F08FBD1B6D1CDEE7E4
:100940004A4600DA694206A800F060FA06AB93E86E
:10095000070003AB83E8070050460A9900F035FB17
:100960008DE80700A0F500501F3800900398002D77
:100970000ADD42F21F014A460844002303A90390FE
:10098000684600F09EFD09E0A0F500504A461F3879
:10099000002303A90390684600F0A8FD8DE8070036
:1009A0000004000C03D04FF0FF30410800E0104677
:1009B000B8F1000F03D00022009215461EE0751E0C
:1009C00005D400F09DF9303262556D1EF9D5B3465D
:1009D0000122084302D000227F1C04E02078302846
:1009E00001D100227F1E002A099784D01DE0112D1D
:1009F00007DA00F085F9303262556D1C50EA0102C9
:100A0000F5D1084302D00098C8B10EE00021681E5D
:100A100005E0235C625C63542254401E491C814201
:100A2000F7DBAB46A81B401E0990002004F80B0022
:100A30000B98099AC0F80880C0E9002B7AE71126C4
:100A40004FF0000857E72DE9F04F88460446D21DC5
:100A500022F0070191B0D1E90001CDE90A0109F0C6
:100A600020FC02460B98C00F01D02D2007E0206823
:100A7000810701D52B2002E0202101EAC000032AD2
:100A8000099001D0072A05DB03464146204600F0C5
:100A90007DF90BE12078800601D5E06900E00620B1
:100AA000B8F1650F814606D0B8F1660F18D0B8F1DD
:100AB000670F70D131E00020B9F1110F009001DB18
:100AC000112301E009F101030AAA01A90CA8FFF70B
:100AD000E2FEDDE90C70002609F10105834647E0DE
:100AE00001204B4600904FF000470AAA01A90CA82C
:100AF000FFF7D1FEDDE90DB00C995D46002610B977
:100B000009F101000D18B9EB050003D4C0F1FF365F
:100B100009F10105A5EB09002BE0B9F1010F01DA9C
:100B20004FF001090020B9F1110F0090484601DD96
:100B3000112300E003460AAA01A90CA8FFF7ABFEA7
:100B4000DDE90C704D4600268346207800070AD464
:100B5000AB4500DA5D4601A8012D04DD411911F80D
:100B6000011C302907D04F4502DA17F1040F04DACF
:100B7000012082460FE06D1EEEE7002F02DCED1B28
:100B80003E4403E0781CA84200DD7D1CB81B00F148
:100B9000010A4FF000472078000703D4AA4501DB83
:100BA0004FF0FF3A0021B7F1004F0DF143088DF8E7
:100BB000431024D002202B23002F01DA7F422D2363
:100BC0000A21021EA0F1010000DC5FB197FBF1FCDD
:100BD00097FBF1F201FB1C7C17460CF1300C08F876
:100BE00001CDEEE7A8F1010003702188090501D5C8
:100BF000452100E06521A0F1010800F8011C0998D9
:100C00000FA9A1EB0807FF1D00B10120411901EB5D
:100C1000EA70A1693844081A401EA0612078C00615
:100C200002D42046AFF30080099828B1D4E901210D
:100C30009047206A401C20622078C00622D52046BA
:100C4000AFF300801EE0002E04DBB34502DD01A8F7
:100C5000805D00E03020D4E901219047206A401CEB
:100C60002062761CAAF101005FEA000A0AD100F0B6
:100C70003FF8C0680168405CD4E901219047206AD0
:100C8000401C2062281EA5F10105DCDC07E0D4E948
:100C9000012118F8010B9047206A401C2062381E81
:100CA000A7F10107F3DC2046AFF30080032011B069
:100CB00041E6000001694A1C02610878704700B5EE
:100CC0008FB0CDE901310021059105497944CDE985
:100CD000031011466846FFF76BFC0FB000BD000023
:100CE000E5FFFFFF0A6802F8010B0A607047000089
:100CF000004870475C6E0024004870473C6E00243A
:100D000030B5B0F10A024FEA900E71F100034EEADD
:100D1000817EB0EB0E0061EB91014FEA101E4EEAAE
:100D2000017E10EB0E0041EB11114FEA102E4EEA3E
:100D3000016E10EB0E0041EB11214FEA104E4EEA0E
:100D4000014E10EB0E0041EB1141401841F1000142
:100D50004FEAD00040EA41704FEAD10110EB800524
:100D60004FEA810444EA907444EB01046D1944EBAA
:100D70000404521BA3414FF0000348BF0A3200D5C0
:100D800030BD401C41F1000130BD00002DE9F041B3
:100D90001F46044603260168072A01F4006004DBAD
:100DA00008B116A505E016A503E008B115A500E0F9
:100DB00015A521F010002060A069C01EA0610FB130
:100DC000401EA0612046AFF300804FB1D4E901215D
:100DD00038469047206A401C2062C01C206206E012
:100DE000206AFAE7D4E9012115F8010B9047761E35
:100DF000F8D22046AFF30080BDE8F0814E414E00AE
:100E00006E616E00494E4600696E66002DE9F0473E
:100E1000814616468AB0354878440DC88DE80D00E5
:100E200032487844801C03AC0DC884E80D0041F6BC
:100E30009B300844372190FBF1F290FBF1F5A5F1CE
:100E4000800501FB12041B3C02D56442012000E036
:100E50000020DFF898A080460027FA44AAF1BE0AD5
:100E60000EE0E0070AD03246684607EB470101234F
:100E70000AEB810100F03AFB8DE8070064107F1C4B
:100E8000002CEED1194F7F44AE3F19E0E80715D092
:100E900007EB04100DF1180A90E80E008AE80E0026
:100EA000C068F04201D1981908903246012306A982
:100EB00003A800F01BFB03AB83E807006D10641C64
:100EC000002DE3D14FF0010332466946B8F1000F1F
:100ED00003A802D000F0F5FA01E000F007FBC9E931
:100EE0000001C9F808200AB0BDE8F08760F30000EF
:100EF000004870473C6E00247546FFF7F9FFAE4688
:100F000005006946534620F00700854618B020B515
:100F1000FFF7AEFABDE820404FF000064FF00007A3
:100F20004FF000084FF0000B21F00701AC46ACE891
:100F3000C009ACE8C009ACE8C009ACE8C0098D46FE
:100F4000704710B50446AFF300802046BDE810405E
:100F5000FFF718BA4FF0013C50F8042B51F8043B4E
:100F60009A4215D1A2EB0C03934313EACC130BD195
:100F700050F8042B51F8043B9A4209D1A2EB0C0320
:100F8000934313EACC13E7D04FF00000704700BF43
:100F9000D01A01BAB1FA81F101F0180122FA01F078
:100FA000CB40C1F12001DBB2C0B2C01A2CFA01F370
:100FB000D11A914311EAC311E6D1704701491820B3
:100FC000ABBEFEE72600020070475FEA400C08BF98
:100FD00091F0000F4FEA8C234FEAC12243EA5151AE
:100FE0004FEA1C5018BF00F5F0404FEA300018BF20
:100FF00041F000415FEA6C5C00F02980BCF1FF3FEA
:1010000008BF40F080407047130C06BF12044FF039
:10101000100C4FF0000C130E04BF12020CF1080C60
:10102000130F04BF12010CF1040C930F04BF9200C4
:101030000CF1020CD30F04BF52000CF1010C11464D
:101040004FF00002A0F11F00A0EB0C00704711F060
:10105000004F08BF704731F000413FF4D5AF0B0C93
:1010600006BF09044FF0100C4FF0000C0B0E04BF2C
:1010700009020CF1080C0B0F04BF09010CF1040C60
:101080008B0F04BF89000CF1020CCB0F04BF490089
:101090000CF1010CCCF12003A0EB0C0022FA03F3BD
:1010A00002FA0CF241EA030100F10100704720F05E
:1010B0007F4C80EA030023F07F47ACEB070303F586
:1010C0007C5300F0004003F1FF032DE980494FEA13
:1010D000154B09B44FEA144325EA0B4E24EA0348A2
:1010E0000FF2042606EB132749083E785FEA320226
:1010F00003FB0667C7F5000707FB06F64FEA543700
:101100004FEAD64606F1020607FB066CCCF1005CFE
:101110004FEA1C472CEA074C07FB06F40CFB06F5CC
:1011200004EB15464FEA961634BF00204FF00040FE
:101130004FEAD13706FB07FC4FEA1C4C0CFB0BF7C0
:10114000D21B03FB0CF761EB07010CFB0EF7B0EBB6
:10115000074072EB17420CFB08F734BFA2EB0742C3
:10116000B2EB074261EB17414FEA0C444FEA91079B
:1011700006FB07FC4FEA1C4C0CFB0BF7B0EBC7401F
:1011800072EB573203FB0CF734BFA2EBC742B2EB52
:10119000C74261EB57310CFB0EF7B0EBC70072EBA7
:1011A00057720CFB08F734BFA2EBC702B2EBC702C1
:1011B00061EB5771039F4FEA816141EA921104EBA1
:1011C000CC044FEAD1374FEA826206FB07FC42EAC1
:1011D00090124FEA80604FEA1C4C0CFB0BF7D21BBD
:1011E00003FB0CF761EB07010CFB0EF7B0EB0740BC
:1011F00072EB17420CFB08F734BFA2EB0742B2EBCD
:10120000074261EB17414FEA8C554FEA910704EB17
:101210009C2406FB07FC4FEA1C4C0CFB0BF7B0EBC5
:10122000C74072EB573203FB0CF734BFA2EBC74247
:10123000B2EBC74261EB57310CFB0EF7B0EBC700C6
:1012400072EB57720CFB08F734BFA2EBC702B2EB8C
:10125000C70261EB577115EB4C254FEA816141EAFA
:1012600092114FEA82624FEAD13742EA901206FBAE
:1012700007FC44F100044FEA80604FEA1C4C0CFB71
:101280000BF7D21B03FB0CF761EB07010CFB0EF70E
:10129000B0EB074072EB17420CFB08F734BFA2EB30
:1012A0000742B2EB074261EB174115EB1C154FEA01
:1012B000813141EA92414FEA823242EA90424FEA5A
:1012C00080304FEA0C7644F1000448EA03434EEACA
:1012D0000B484FF0000EB2EB080C71EB030724BF74
:1012E000624639464EEB0E0E4FF0000B001852418D
:1012F00049414BEB0B0BB2EB080C71EB03077BF195
:10130000000B24BF624639464EEB0E0E4FF0000B29
:101310000018524149414BEB0B0BB2EB080C71EB3F
:1013200003077BF1000B24BF624639464EEB0E0EDD
:1013300051EA020718BF46F0010616EB0E7655F18A
:10134000000254F1000103D5BDE88901BDE8008821
:10135000BDE88901BDE80048B619524141EB0101E1
:10136000A3F10103704780807F7E7D7C7B7A797852
:10137000777676757473727171706F6E6E6D6C6C5A
:101380006B6A6A69686867666665646463636261FC
:101390006160605F5F5E5E5D5D5C5C5B5B5A5A597D
:1013A00059585857575656555555545453535252E9
:1013B0005251515050504F4F4F4E4E4D4D4D4C4C41
:1013C0004C4B4B4B4A4A4A4949494848484747478A
:1013D00047464646454545444444444343434342C7
:1013E000424242414141002B9C4630D477002BD0F1
:1013F0001CB54FEA370703B44FF010004FF010014F
:10140000BAF1000F06D0BCF1000FDCBF40F00800BD
:1014100040F008014FF000000FBCBDE810400BF198
:10142000010BBBF1010F08BF5FEA170722BF12F1E2
:10143000010211F101014FF0004143F1000300F0FE
:10144000004043EA00007047F9D35708D0E746EA66
:10145000064613F1400F4FEA16461FDD13F1200F29
:10146000DFBF16430A46002120335B42BED0C3F1E2
:10147000200746EA064602FA07F74FEA164646EA0A
:101480000706C3F1200722FA03F201FA07F721FA4F
:1014900003F14FF0000342EA0702A7E746EA02061B
:1014A00046EA06464FEA164646EA0106BCBF46EA49
:1014B0000646360C4FF000034FF000024FF00001DB
:1014C00094E72DE9804C9A46934670B491E8380031
:1014D00007C831EA400C48BF34EA430C03D5FFF794
:1014E000E6FDFFF780FFF0BCBDE8008C2DE9804CE5
:1014F0009A46934670B491E8380007C810F0804FC0
:1015000008BF13F0804F03D100F005F8FFF76BFF21
:10151000F0BCBDE8008C20F07F4780EA030023F098
:101520007F4C07EB0C03A3F57C5300F00040A3F1C4
:10153000FE0392F0000F00F0B38095F0000F00F072
:1015400077802DE901494FEA11404FEA144621EA1C
:10155000004800FB06FC24EA064708FB06F607FBEA
:1015600008F800FB07F718EB06484CEB164C4FEA5F
:10157000124B18EB07484FEA15464CEB174022EA8E
:101580000B4E0BFB06FC25EA06470EFB06F607FB97
:101590000EFE0BFB07F71EEB064E4CEB164C4FF006
:1015A00000061EEB074E4CEB174B18EB0B0840F1F7
:1015B000000018EB0E0B58EB000840F100008F1AEA
:1015C0004FF000013CBFC943661B14BFB5EB040CD0
:1015D00000213CBFC943F61B4FEA17444EEA8E0E6A
:1015E00027EA04454FEA1C4704FB07622CEA074C34
:1015F00005FB07F70CFB05F604FB0CFC16EB074696
:1016000042EB174216EB0C4642EB1C421BEB060664
:1016100058EB0202414146EA9E0601D5BDE8018928
:10162000B619524141EB0101A3F10103BDE8018963
:101630004FEA14454FEA114724EA054621EA074CD0
:1016400005FB07F406FB07F70CFB06F105FB0CFC9A
:1016500011EB074144EB17444FEA124711EB0C41E1
:1016600044EB1C4422EA074C05FB07F206FB07F794
:101670000CFB06F605FB0CFC16EB074642EB17428B
:1016800016EB0C4642EB1C456A1854F1000148BFAA
:101690007047B619524141EB0101A3F101037047B4
:1016A00095F0000F37D04FEA11424FEA144721EA74
:1016B000024624EA074C02FB07F106FB07F70CFB86
:1016C00006F402FB0CFC14EB074441EB17414FEA14
:1016D000154714EB0C4441EB1C4125EA074C02FB77
:1016E00007F506FB07F70CFB06F602FB0CFC16EBF6
:1016F000074645EB174516EB0C4645EB1C42121905
:1017000051F1000148BF7047B619524141EB010148
:10171000A3F1010370474FEA14454FEA114724EA49
:10172000054621EA074C05FB07F106FB07F70CFB12
:1017300006F24FF0000605FB0CFC12EB074241EBF2
:10174000174112EB0C4251EB1C4148BF70479218F5
:1017500041EB0101A3F101037047000010B5012422
:101760000348E10301F004FF00B10024204610BD4E
:10177000000002580146014803F036BFF804002477
:1017800010B5044803F042FF042801D0012010BD29
:10179000002010BDF804002410B500F015F8012851
:1017A00001D0022010BD074804F0CCF8044634B93B
:1017B00004484FF4804103F073FD00B1012420463A
:1017C00010BD0000F804002408B501200090FFF7C8
:1017D000C5FF08B9002000909DF8000008BD00007A
:1017E00010B5002413460A460146034804F0B0F938
:1017F00000B10124204610BDF80400240248002254
:10180000012140680BF018BF1C00002410B5002413
:1018100013460A460146034804F00EFA00B10124BB
:10182000204610BDF804002402480022022140682E
:101830000BF002BF1C000024FEE7000030B5034699
:10184000074D0020024608E09C5C521C84EA1024EC
:1018500035F8144084EA002080B28A42F4DB30BDBF
:10186000A8F9000830B50346054D0020024603E004
:101870009C5C6040521C285C8A42F9DB30BD000051
:10188000A8F8000805480021026851620068C16894
:1018900041F00101C160014804F04CBBC0050024C7
:1018A0000322002101202DED028B0CF04FFF324D61
:1018B0002860324804F0FEFA3048002104F0AAFD06
:1018C0002E48042104F0A6FD2C48082104F0A2FDB6
:1018D0002A480C2104F09EFD294804F0EBFA284820
:1018E000002104F097FD2648042104F093FD2448CC
:1018F000082104F08FFD22480C2104F08BFD214EBD
:101900004FF4007A204F4FF0FF39DFF880B04FF0EE
:1019100081481F4C9FED1F8B286849460DF012FA35
:101920002068B04204DB01225146584601F02DFEEA
:101930002068B84204DB01225846110201F025FE5E
:101940002068404514DA0020B0EE480B07F03AFA60
:101950000120B0EE480B07F035FA0220B0EE480B3C
:1019600007F030FA0320B0EE480B07F02BFAD3E76C
:1019700005F078FFD0E700008C00002474050024F7
:101980000C0600240000A04000002041000C02587A
:101990008800002400000000000000000648DFED81
:1019A000070A00F1080190ED000A30EE200A80EDF0
:1019B000000A40680DF083B8880000240AD7233C51
:1019C000014800F009BE00001C0A0024014800F094
:1019D00003BE0000840B0024014800F0FDBD0000A0
:1019E000FC0B0024014800F0F7BD0000740C00243B
:1019F000014800F0F1BD0000940A0024014800F005
:101A0000EBBD00000C0B0024294A016891423AD03A
:101A1000274A1832914236D0254A3032914232D08C
:101A2000234A483291422ED0214A603291422AD034
:101A30001F4A7832914226D01D4A9032914222D0DC
:101A40001B4AA83291421ED01A4A91421BD0194A11
:101A50001832914217D0174A3032914213D0154AAA
:101A6000483291420FD0134A603291420BD0114A52
:101A70007832914207D00F4A9032914203D00D4AFA
:101A8000A832914211D1CAB21823103AB2FBF3F234
:101A90006FF30901032A02F00703074AD25CC2650B
:101AA00000D9091D81650846704721F0FF01F9E75B
:101AB0001000024010040240ECF3000830B5224A46
:101AC000012301689142CAB21BD01F4C1434A142B9
:101AD00017D01D4C2834A14213D01B4C3C34A142DA
:101AE0000FD0194C5034A1420BD0174C6434A14292
:101AF00007D0154C7834A14203D0134C8C34A1424A
:101B00000CD11421114C083AB2FBF1F10F4A80328A
:101B100001F01F0504EB8101AB4010E00C4D1824CF
:101B2000103A0D44B2FBF4F1A82D00D80831094A4F
:101B300001F01F0402EB8101064AA34080326030AD
:101B400080E80E0030BD00000854025800580258CA
:101B5000F0FBFDBF0008024010B50279531E072BB1
:101B60002DD8174C0168A1421BD0154C1434A1424A
:101B700017D0134C2834A14213D0114C3C34A1424D
:101B80000FD00F4C5034A1420BD00D4C6434A14205
:101B900007D00B4C7834A14203D0094C8C34A142BD
:101BA00003D10849074C443102E00749064C44314F
:101BB00004EB8202C0E91B2101219940416710BD5D
:101BC00008540258FC580258FC08024010B58369BA
:101BD0004FF0C074826A0146002053B1B3F5005F34
:101BE00015D072B1012A0CD0022A0AD0032A09D1D9
:101BF00004E01AB1012A06D0022A03D1C96AC90138
:101C000000D5012010BDC96AA142FAD010BD002A3A
:101C1000F7D0012AF2D0022AF3D0032AF3D010BD64
:101C20002DE9F04F804E804FDFF8FC911836DFF839
:101C3000F8A148370468856D0AF1300ADFF8ECB185
:101C40004C45DFF8ECC1DFF8ECE16DD0B4426BD06D
:101C5000544569D0BC4267D0DFF8D081A8F118089C
:101C6000444561D05C455FD064455DD074455BD030
:101C7000DFF8C481444557D0DFF8BC8108F118086B
:101C8000444551D0DFF8B08108F1300844454BD0CD
:101C9000DFF8A48108F14808444545D0DFF8988171
:101CA00008F1600844453FD0DFF88C8108F17808DE
:101CB000444539D0DFF8808108F19008444533D09D
:101CC000DFF8748108F1A80844452DD0DFF86C8155
:101CD000444529D0DFF8648108F11408444523D035
:101CE000DFF8588108F1280844451DD0DFF84C8101
:101CF00008F13C08444517D0DFF8408108F150084E
:101D0000444511D0DFF8348108F1640844450BD014
:101D1000DFF8288108F17808444505D0DFF81C81F8
:101D200008F18C08444509D1D0E91948C4F8048069
:101D3000C46E1CB1D0E91C48C4F8048004684C454A
:101D40002ED0B4422CD054452AD0BC4228D0374E95
:101D5000183EB44224D05C4522D0644520D074455E
:101D60001ED0354EB4421BD0334E1836B44217D075
:101D7000314E3036B44213D02F4E4836B4420FD0D5
:101D80002D4E6036B4420BD02B4E7836B44207D07D
:101D9000294E9036B44203D0274EA836B44215D10E
:101DA00090F85C603F2406F01F06B440AC60046805
:101DB000256825F4802525602EE09A600068C160C2
:101DC000BDE8F08F99600068C260F9E71B4EB4422D
:101DD0001BD01A4E1436B44217D0184E2836B442CF
:101DE00013D0164E3C36B4420FD0144E5036B44287
:101DF0000BD0124E6436B44207D0104E7836B4423F
:101E000003D00E4E8C36B442DAD190F85C600124D7
:101E100006F01F06B4406C60046863608368402B62
:101E20000368CFD1C9E700001000024088000240DB
:101E3000A0000240B80002401004024008540258BA
:101E4000704772B6FEE70000054805490839026888
:101E500042F00202026008688004FCD5704700006E
:101E60000C48025800B53F48A9B0474990ED000A18
:101E70003D48B7EEC00A8DED260B90ED000B3B48B8
:101E80008DED240B90ED000B39488DED220B90ED7C
:101E9000000B38488DED200B90ED000B36488DED92
:101EA0001E0B90ED000B35488DED1C0B90ED0C0AD0
:101EB000B7EEC00A8DED1A0B90ED0D0AB7EEC00A11
:101EC0008DED180B90ED0E0AB7EEC00A8DED160BD6
:101ED00090ED060B8DED140B90ED080B8DED120BB4
:101EE00090ED0A0B26488DED100B90ED040B8DED57
:101EF0000E0B90ED000B8DED0C0B90ED020B2148BD
:101F00008DED0A0B90ED050AB7EEC00A8DED080BBA
:101F100090ED040AB7EEC00A8DED060B90ED030AB2
:101F2000B7EEC00A8DED040B90ED020AB7EEC00AC1
:101F30008DED020B90ED010AB7EEC00A8DED000B9E
:101F400090ED000A1148B7EEC00A53EC102BFEF7D3
:101F50001BFB29B00D490E484FF4FA625DF804EB03
:101F600005F0A8B888000024C8010024B8010024A6
:101F70000001002408010024F8000024585900241E
:101F80008057002428590024A00101086C66002411
:101F900038070024FFF766FF14200CF0ADF9F9E7CD
:101FA000002200F001B8000084464DF8044D0120E5
:101FB0000E4B5C7A002C16D1587A1C54587A03EBDD
:101FC0008000C0F804C0587A03F1080C00F80C2017
:101FD000587A421C5A72303008703A2048702F20CC
:101FE0008870CC7000205DF8044B70471C140024EE
:101FF0002DE9F84F044601F0D3FA00903CB194F873
:102000003500022806D0802161650020E4E001202F
:10201000BDE8F88FC74DC74EC64918352068303621
:10202000DFF81483DFF814938842DFF814A3DFF895
:1020300014B32ED0A8422CD0B0422AD0404528D08C
:10204000484526D0504524D0584522D0BD4A1832A4
:1020500090421ED0BC4A90421BD0BB4A18329042DC
:1020600017D0B94A3032904213D0B74A4832904222
:102070000FD0B54A603290420BD0B34A78329042CA
:1020800007D0B14A9032904203D0AF4AA832904272
:1020900009D1026822F01E0202602068426922F023
:1020A0008002426103E0026822F00E0202602768AB
:1020B0008F4238464DD0A8424BD0B04249D040451F
:1020C00047D0484545D0504543D0584541D09D4A1A
:1020D000183290423DD09C4A90423AD09A4A1832E7
:1020E000904236D0984A3032904232D0964A4832A6
:1020F00090422ED0944A603290422AD0924A78324E
:10210000904226D0904A9032904222D08E4AA832F5
:1021100090421ED08D4A90421BD08C4A143290427D
:1021200017D08A4A2832904213D0884A3C329042D3
:102130000FD0864A503290420BD0844A643290428B
:1021400007D0824A7832904203D0804A8C3297423C
:1021500004D1206E026822F4807202607549206802
:10216000884228D0A84226D0B04224D0404522D070
:10217000484520D050451ED058451CD071491831D3
:10218000884218D07049884215D06F49183188426A
:1021900011D06D49303188420DD06B4948318842A9
:1021A00009D069496031884205D067497831884251
:1021B00001D065499031016821F0010101600EE014
:1021C00001F0EEF90099401A052808D9202262652D
:1021D0000321002084F8351084F8340017E73868AC
:1021E000C007EDD1534A0121206890422ED0A84269
:1021F0002CD0B0422AD0404528D0484526D0504562
:1022000024D0584522D04F4B183398421ED04E4B05
:1022100098421BD04C4B1833984217D04A4B30335E
:10222000984213D0484B483398420FD0464B603306
:1022300098420BD0444B7833984207D0424B9033AE
:10224000984203D0404BA833984208D194F85C7070
:102250003F23A06D07F01F07BB40836007E094F8A1
:102260005C30A06D03F01F0301FA03F343602068A4
:1022700090424DD0A8424BD0B04249D0404547D0C3
:10228000484545D0504543D0584541D02D4A183295
:1022900090423DD02C4A90423AD02B4A183290427C
:1022A00036D0294A3032904232D0274A48329042C2
:1022B0002ED0254A603290422AD0234A783290426A
:1022C00026D0214A9032904222D01F4AA832904212
:1022D0001ED01E4A90421BD01C4A1432904217D086
:1022E0001A4A2832904213D0184A3C3290420FD0FA
:1022F000164A503290420BD0144A6432904207D0B2
:10230000124A7832904203D0104A8C3290420BD15C
:10231000D4E919024260E06E30B1026822F48072A2
:102320000260D4E91C024260002084F8351084F871
:1023300034006DE610000240580002407000024078
:1023400088000240A00002401004024008540258D5
:102350002DE9F05F28B190F83510022904D08021D2
:1023600041650120BDE8F09F904C904B0168183CFE
:1023700018338E4ADFF83C92A1428D4CDFF838E2E8
:102380008E4FDFF83CB2DFF83CA28F4D8F4E31D03C
:1023900091422FD099422DD0A1422BD0494529D02E
:1023A000714527D0B94225D0DFF810C20CF1180CC6
:1023B00061451FD0DFF808C2ACF1600C614519D04F
:1023C000DFF8FCC1ACF1480C614513D0DFF8F0C177
:1023D000ACF1300C61450DD0DFF8E4C1ACF1180C64
:1023E000614507D0594505D0514503D0A94201D0D8
:1023F000B1422CD1DFF8B4C14FF0040880F8358029
:10240000ACF1180C61451DD091421BD0994219D0F6
:10241000A14217D0494515D0714513D0B94211D00A
:102420006648183081420DD065486038814209D035
:1024300063484838814205D061483038814201D034
:102440005F481838086820F001000860ABE0D1F858
:1024500000C02CF00E08DFF854C1C1F80080ACF1C8
:10246000180C0168614527D0914225D0994223D0AC
:10247000A14221D049451FD071451DD0B9421BD082
:10248000DFF838C10CF1180C614515D0DFF830C108
:10249000ACF1600C61450FD0DFF824C1ACF1480C01
:1024A000614509D0DFF818C1ACF1300C614503D0AB
:1024B000DFF80CC1ACF1180CD1F800C02CF0010C05
:1024C000C1F800C0DFF8E4804FF0010C0168A8F10A
:1024D0001808414546D0914244D0994242D0A14289
:1024E00040D049453ED071453CD0B9423AD0334AFC
:1024F0001832914236D0324A603A914232D0304A54
:10250000483A91422ED02E4A303A91422AD02C4A53
:10251000183A914226D0594524D0514522D0A9429B
:1025200020D0B1421ED02A4A91421BD0284A1432F0
:10253000914217D0264A2832914213D0244A3C3285
:1025400091420FD0224A503291420BD0204A64323D
:10255000914207D01E4A7832914203D01C4A8C32F5
:10256000914218D1016E0A6822F480720A6090F8D4
:102570005C20816D02F01F020CFA02F24A60D0E981
:1025800019124A60C16E31B10A6822F480720A6081
:10259000D0E91C124A600022016D80F835C080F835
:1025A000342001B188470020DCE60000280002400A
:1025B000580002407000024088000240A000024023
:1025C0007004024088040240A0040240B8040240A3
:1025D00008540258406D70472DE9FC5F0446F74EE1
:1025E0000020DFF8D88300904FF41652F44808F129
:1025F0001808A56DDFF8C493DFF8C0A3016809F1DE
:10260000300920680AF1480AB1FBF2F1B0420191A9
:102610002F68D5F800C0DFF8ACB335D0414688420A
:1026200032D0484530D050452ED058452CD0E549C1
:102630001831884228D0E3493031884224D0E1491A
:102640004831884220D0E04988421DD0DE49183107
:10265000884219D0DC493031884215D0DA494831F6
:10266000884211D0DFF860E30EF1600E70450BD0A8
:10267000D54A7832904207D0D34B9033984203D05A
:10268000D149A83188427DD194F85C20082102F01C
:102690001F0201FA02F23A424AD0B04232D040451B
:1026A00030D048452ED050452CD058452AD0C54A68
:1026B0001832904226D0C34A3032904222D0C14ACA
:1026C000483290421ED0C04A90421BD0BE4A1832B7
:1026D000904217D0BC4A3032904213D0BA4A4832A6
:1026E00090420FD0B84A603290420BD0B64A78324E
:1026F000904207D0B44A9032904203D0B24AA832F6
:10270000904203D1026802F0040202E0026802F083
:1027100008026AB1026822F00402026094F85C00C8
:1027200000F01F008140A960606D40F0010060650D
:1027300094F85C00012100F01F008140394240D034
:102740002068B04234D0404532D0484530D0504562
:102750002ED058452CD09B4A1832904228D0994A06
:102760003032904224D0974A4832904220D0964A44
:1027700090421DD0944A1832904219D0924A303279
:10278000904200E0AFE113D08F4A483290420FD020
:102790008D4A603290420BD08B4A7832904207D0FB
:1027A000894A9032904203D0874AA83290427DD124
:1027B000406910F0800F04D0A960606D40F0020005
:1027C000606594F85C00042100F01F0081403942EC
:1027D0003ED02068B04232D0404530D048452ED05F
:1027E00050452CD058452AD0764A1832904226D0EF
:1027F000744A3032904222D0724A483290421ED0FF
:10280000714A90421BD0704A1832904217D06E4ADB
:102810003032904213D06C4A483290420FD06A4A0C
:10282000603290420BD0684A7832904207D0664AB4
:102830009032904203D0644AA83290424ED1006850
:1028400010F0020F04D0A960606D40F004006065D4
:1028500094F85C00102100F01F008140394258D0EC
:102860002068B04234D0404532D0484530D0504541
:102870002ED058452CD0534A1832904228D0514A75
:102880003032904224D04F4A4832904220D04E4AB3
:1028900090421DD04C4A1832904219D04A4A3032E8
:1028A000904215D0484A4832904200E014E00FD0E0
:1028B000454A603290420BD0434A7832904207D06A
:1028C000414A9032904203D03F4AA832904207D109
:1028D000006800F0080006E0006872E70068B7E7EB
:1028E000006800F00400A0B1A960206801684903F5
:1028F00004D50068000308D5A16C07E00168C9058C
:1029000003D4016821F008010160216C09B120465F
:10291000884794F85C00202100F01F008140394274
:1029200079D02068B04232D0404530D048452ED0D2
:1029300050452CD058452AD0224A1832904226D0F1
:10294000204A3032904222D01E4A483290421ED055
:102950001D4A90421BD01C4A1832904217D01A4A86
:102960003032904213D0184A483290420FD0164A63
:10297000603290420BD0144A7832904207D0124A0B
:102980009032904203D0104AA832904203D100689E
:1029900000F0100002E0006800F00200B0B3A9608F
:1029A00094F835000428206801680FD049037ED5CB
:1029B000006800032BD4616C2AE000001000024084
:1029C00014000024700002401004024021F016019F
:1029D00001602068416921F080014161206C08B9E3
:1029E000A06C20B12068016821F00801016094F812
:1029F0005C303F21012003F01F0300229940A960B1
:102A000084F8350084F83420216D65E003E0E16B43
:102A100009B120468847606D00287DD0606DC007F1
:102A200059D02068042184F83510B0422BD040459D
:102A300029D0484527D0504525D0584523D09D4919
:102A4000884220D09B49183188421CD099493031A6
:102A5000884218D09849884215D097491831884241
:102A600011D09549303188420DD093494831884280
:102A700009D091496031884205D08F497831884228
:102A800001D08D499031016821F001010160206879
:102A90000099019A491C0091914202D80168C90726
:102AA000F6D10068C00710D003200FE0FFE70168EF
:102AB000C905ACD403680121002223F01003036090
:102AC00084F8351084F83420A1E7012084F835001B
:102AD000002084F83400E16C00291DD002B02046AB
:102AE000BDE8F05F0847754988421DD0734914312D
:102AF000884219D071492831884215D06F493C313C
:102B0000884211D06D49503188420DD06B496431F3
:102B1000884209D0694900E084E07831884203D0D6
:102B200066498C3188427DD194F85C800427016825
:102B300008F01F0807FA08F717EA0C0F009746D0AD
:102B40004F0744D500980F04686003D5C8033CD4F0
:102B5000A16CC1E7880638D42068B0422DD0554911
:102B60006039884229D0484527D0504525D058455E
:102B700023D05049884220D04E49183188421CD079
:102B80004C493031884218D04B49884215D04A49C7
:102B90001831884211D04849303188420DD0464919
:102BA0004831884209D0704507D0904205D09842FC
:102BB00003D04149A831884203D1016821F00801BE
:102BC00002E0016821F004010160216C84E7022722
:102BD00007FA08F717EA0C0F00974ED08F074CD56D
:102BE00000980F04686003D5C80344D4616C73E790
:102BF000880640D42068B0422FD02E4960398842E0
:102C00002BD0484529D0504527D0584525D02949B3
:102C1000884222D02749183188421ED025493031B8
:102C2000884200E044E018D02349884215D0224968
:102C30001831884211D02049303188420DD01E49C8
:102C40004831884209D0704507D0904205D098425B
:102C500003D01949A831884203D1016821F0140139
:102C600002E0016821F00A010160012184F83510B9
:102C7000002084F83400E16B2EE7082202FA08F203
:102C800012EA0C0F14D0090712D5016821F00E01C9
:102C9000016094F85C100120002201F01F0100FA8D
:102CA00001F16960606584F8350084F8342012E72A
:102CB000BDE8FC9F880002401004024008540258FE
:102CC0002DE9F05F044600F06BFC002C07467DD038
:102CD000E34E022120684FF00308DFF888934FF09D
:102CE0000005DFF884A3B042DFF880B334D0DC4ABB
:102CF0001832904230D048452ED050452CD05845FF
:102D00002AD0DA4A1832904226D0D84A303290423D
:102D100022D0D64A483290421ED0D54A90421BD08B
:102D2000D34A1832904217D0D14A3032904213D051
:102D3000CF4A483290420FD0CD4A603290420BD0F9
:102D4000CB4A7832904207D0C94A9032904203D0A1
:102D5000C74AA83290427DD184F83510B04284F839
:102D600034502ED0BE49183188422AD0484528D048
:102D7000504526D0584524D0BC491831884220D02F
:102D8000BA49303188421CD0B8494831884218D0FD
:102D9000B749884215D0B6491831884211D0B44994
:102DA000303188420DD0B2494831884209D0B0490B
:102DB0006031884205D0AE497831884201D0AC49B3
:102DC0009031016821F00101016008E027E100BFB6
:102DD00000F0E6FBC01B052801D920211CE120687A
:102DE0000068C007F4D104F108002168D4E9053C6B
:102DF0008E4685C809681043D4E907281F43636AD3
:102E000038439C4F40EA0C001043394040EA080028
:102E1000042B40EA010003D1D4E90B12114308430B
:102E2000954909686FF30F01B1F1005F0FD3616835
:102E3000A1F12902052A08D9163A032A05D9083A28
:102E4000012A02D94F39032901D840F48010CEF865
:102E5000000000E023E02068676A4069042F20F04A
:102E6000070047EA00070DD1D4E90A01074349B139
:102E70002046FEF7ABFE28B140206065012184F8B2
:102E80003510CCE0206847612046FEF7BDFD94F880
:102E90005C203F2102F01F029140816054E0774A9C
:102EA00090421BD0754B1433984217D0734B283384
:102EB000984213D0714B3C3398420FD06F4B503334
:102EC00098420BD06D4B6433984207D06B4B7833EC
:102ED000984203D0694B8C3398427DD184F83510E9
:102EE00084F83450664B0168A26801EA030E402A58
:102EF00073D0802A72D00022D4E90378D4E9053156
:102F000042EAD70242EAD8085C4AD4E9077C48EA98
:102F1000D30848EAD10141EAD701524241EA1C11E3
:102F2000142341EA0E01016020681044B0FBF3F065
:102F30008000E0652046FEF767FD94F85C200121E3
:102F400002F01F02914041602068B04257D04449CE
:102F50001831884253D0484551D050454FD058453C
:102F60004DD042491831884249D0404930318842D9
:102F700045D03E494831884241D03D4988423ED003
:102F80003B49183188423AD039493031884236D0ED
:102F900037494831884232D03549603188422ED095
:102FA0003349783188422AD031499031884226D03D
:102FB0002F49A831884222D0304988421FD02F495A
:102FC000143188421BD02D492831884217D02B4913
:102FD0003C31884213D002E01DE017E018E0274999
:102FE000503188420BD025496431884207D02349AB
:102FF0007831884203D021498C31884229D120463A
:10300000FEF75CFDA06880280CD00CE0102273E76E
:103010004FF4804270E74021616584F835800120DB
:10302000BDE8F09F6560216E20790860D4E9190140
:1030300041606068401E072808D82046FEF78CFDD6
:10304000E06E0560D4E91C01416002E0E566256799
:1030500065670120656584F835000020E0E7000021
:103060001000024040000240580002407000024040
:10307000100402403F8010FE0010005C085402580B
:103080000F00FEFF2DE9F84F04008C464FF00000C2
:10309000009014D094F83400012812D094F83550E0
:1030A0000120002184F83400012D0CD0C00260659D
:1030B0000120009084F834100098BDE8F88F0120BA
:1030C000FBE70220F9E78C4D0226206884F8356082
:1030D000A8428A4D61658A4E8A4FDFF82C82DFF85C
:1030E0002C92DFF82CA2DFF82CB226D0A84224D0F4
:1030F000B04222D0B84220D040451ED048451CD016
:1031000050451AD0584518D08349884215D0824975
:103110001831884211D08049303188420DD07E4923
:103120004831884209D07C496031884205D07A49CB
:103130007831884201D078499031016821F001014D
:10314000016061462046FEF76BFD6B4920688842AE
:103150002CD0A8422AD0B04228D0B84226D0404530
:1031600024D0484522D0504520D058451ED06A4A28
:1031700090421BD0684A1832904217D0664A3032CB
:10318000904213D0644A483290420FD0624A603273
:1031900090420BD0604A7832904207D05E4A90321B
:1031A000904203D05C4AA83290420CD1026822F0CF
:1031B0001E0242F016020260206C88B1206802688C
:1031C00042F008020BE0026822F00E0242F00A020E
:1031D0000260206C20B12068026842F004020260A4
:1031E000206888424BD0A84249D0B04247D0B8426C
:1031F00045D0404543D0484541D050453FD0584543
:103200003DD0454A90423AD0434A1832904236D097
:10321000414A3032904232D03F4A483290422ED01A
:103220003D4A603290422AD03B4A7832904226D0C2
:10323000394A9032904222D0374AA83290421ED06A
:10324000364A90421BD0354A1432904217D0334A46
:103250002832904213D0314A3C3290420FD02F4A4C
:10326000503290420BD02D4A6432904207D02B4A04
:103270007832904203D0294A8C3290420DD1206E90
:103280000268D20303D5026842F480720260E06EE5
:1032900018B1026842F4807202602068884226D029
:1032A000A84224D0B04222D0B84220D040451ED0FF
:1032B00048451CD050451AD0584518D01649884268
:1032C00015D015491831884211D013493031884240
:1032D0000DD011494831884209D00F4960318842E8
:1032E00005D00D497831884201D00B4990310168F1
:1032F00041F001010160DFE61000024028000240B9
:103300004000024058000240700002408800024025
:10331000A0000240B80002401004024008540258C5
:1033200070B5044600F03CF90546601C02D0044824
:103330000078044400F034F9401BA042FAD370BD79
:10334000080000242DE9F84F03247D4D00234FF0A1
:1033500001094FF0B04B4FF00F0AE9E009FA03F70B
:103360003A4076D00E7906F00306012E01D0022EE7
:1033700018D1D0F808C04FEA430ECE6804FA0EF810
:103380002CEA080C06FA0EF646EA0C068660D0F81F
:1033900004C00E792CEA070CC6F300169E4046EADC
:1033A0000C0646600E79F643B6070BD0C6684FEAA6
:1033B00043088F6804FA08FC26EA0C0607FA08F7A7
:1033C0003743C7600E7906F00306022E12D1DE08DD
:1033D0000F694FEA437C00EB8606B646366A4FEA31
:1033E000DC6C0AFA0CF807FA0CF726EA08063743F1
:1033F000CEF820700F7906684FEA430807F00307FC
:1034000004FA08FC07FA08F726EA0C0637430760B7
:103410004E6816F4403F1CD04A4E376847F002070A
:10342000376036689F0706F00206009623F0030611
:1034300006F1B046B6463F0FD6F80864DFF80881BB
:103440000AFA07FC404526EA0C0603D14FF0000CAF
:1034500041E06CE0DFF8F4C0604502D14FF0010CB0
:1034600039E0DFF8ECC0604502D14FF0020C32E0E9
:10347000DFF8E0C0604502D14FF0030C2BE0DFF82D
:10348000D8C0604502D14FF0040C24E0DFF8CCC076
:10349000604502D14FF0050C1DE0DFF8C4C0604567
:1034A00002D14FF0060C16E0DFF8B8C0604502D13B
:1034B0004FF0070C0FE0DFF8B0C0604502D14FF0CD
:1034C000080C08E0DFF8A4C0604502D14FF0090CF9
:1034D00001E04FF00A0C0CFA07FC4CEA060CCEF89F
:1034E00008C44F68DBF80060FF0226EA020600D538
:1034F00016435F46CBF80060D1F804C0DBF80460E7
:103500005FEA8C2C26EA020600D516437E606E68C0
:103510004F6826EA0206BF0300D516436E602E6888
:103520004F6826EA0206FF0300D516432E605B1C97
:103530000A6832FA03F67FF411AFBDE8F88F000095
:1035400080000058F4440258000002580004025859
:1035500000080258000C02580010025800140258CB
:1035600000180258001C025800200258002402587B
:103570000069084000D001207047426921EA020337
:103580000A4043EA0241816170470AB18161704794
:103590000904FBE701480068000C70470010005C5C
:1035A00001488068704700000800002402488168D4
:1035B000027811448160704708000024032010B590
:1035C00000F0FAF801F00AFB0F4A1049146813687A
:1035D000C4F3032203F00F038A5CC95C02F01F02EC
:1035E00001F01F01D0400A4A20FA01F11160094997
:1035F00008600F2000F010F808B1012010BD00F0A5
:103600009BF8002010BD0000184402581CF400086C
:10361000180000241400002410B5102804468AB0B5
:103620002AD200220146192000F0A6F8192000F045
:1036300095F8154804601548016841F001010160E2
:10364000006808A900F001000990684601F052FAEC
:1036500001F0B2FA0E49400000220E4CB0FBF1F12D
:103660000D4840F2E7330460C0E90332491EC0E967
:10367000011202F0A3FB10B101200AB010BD0648F0
:1036800002F058FCF9E700000C000024F044025856
:1036900040420F0000000140480F0024154BF0B5D8
:1036A000083B427813491A600B680A1F23F0010394
:1036B0000B6043681360057BC67A827A437B2D07D3
:1036C000847B45EA0665C77B90F809C0067A90F8C6
:1036D00000E045EAC24040EA834040EA444040EA14
:1036E000074040EA0C2040EA460040EA0E0008602D
:1036F000F0BD0000A0ED00E0BFF35F8F04480021A3
:103700000368034A23F4803303607032116070470A
:1037100024ED00E0074A40F00100064970321060D5
:10372000086840F480300860BFF34F8FBFF36F8F9D
:103730007047000024ED00E0074882B0016841F0C6
:1037400002010160006800220F2100F002000090D9
:10375000901E02B000F010B8F4440258002809DBB3
:10376000410900F01F028900012001F1E021904091
:10377000C1F80001704700000E4BF0B41B680D4605
:10378000C3F30223C3F10706042E00D90426191D32
:10379000072901D2002300E0DB1E012404FA06F110
:1037A0009C40491E2940641E994014402143F0BCAE
:1037B00006F0A2BD0CED00E0064900F0070210B5CE
:1037C0004FF6FF040868044B204040EA02201843EB
:1037D000086010BD0CED00E00000FA05134970B55B
:1037E0000A68D243520705D5096801F007018142F2
:1037F00013D118E00A6822F0070202430A60FFF7BB
:10380000CFFE0A4D4FF47A760446083D07E000BF2C
:10381000FFF7C6FE001BB04201D9012070BD286829
:10382000C0438004F4D4002070BD00000C4802584E
:1038300010B501F08DF905490968054AC1F3021177
:10384000515C01F01F01C84010BD00002044025827
:103850001CF400084A4930B5494C0B1D0A680C3469
:1038600009681D68246802F0030305F00102C1F332
:103870000511C4F3CC04002914FB02F200EE102A57
:10388000F8EE400A76D0414A9FED3E1ADFED3E1A2F
:10389000B7EE000A23B1012B5AD0022B18D15CE0FD
:1038A000374C283C23689B0612D5394B246801EE1F
:1038B000901A1168C4F3C104F8EE612AE34001EEE6
:1038C000903AC1F30801F8EE611A81EEA22A07E0EE
:1038D00002EE101A1168F8EE422A81EEA22A45E0A3
:1038E00001EE901A1168F8EE611A40EE811A71EE3D
:1038F000800A62EE200AC1F3462101EE101AB8EEEA
:10390000411A31EE001AC0EE811ABCEEE11A80EDC8
:10391000001A1168C1F3064101EE101AB8EE411AFF
:1039200031EE001AC0EE811ABCEEE11A80ED011AE8
:103930001168C1F3066101EE101AB8EE411A31EEBA
:10394000000A80EE801ABCEEC10A80ED020A30BD8A
:1039500001EE901ADFED0F2A03E001EE901ADFED81
:103960000E2A1168F8EE611A82EEA12AC1F308014D
:10397000B6E7FFE7002101604160816030BD0000D3
:1039800028440258000000390024744C3044025886
:103990000090D0030024744A0024F44A494930B509
:1039A000484C0B1D0A68143409681D68246802F02D
:1039B0000303C5F30012C1F30531C4F3CC0400299D
:1039C00014FB02F200EE102AF8EE400A75D03F4ACE
:1039D0009FED3D1AB7EE000A6BB1DFED3D1A012BEA
:1039E00001D0022B64D002EE101A1168F8EE422AC0
:1039F00081EEA22A21E0334C283C23689B0612D595
:103A0000344B246801EE901A1168C4F3C104F8EE37
:103A1000612AE34001EE903AC1F30801F8EE611A21
:103A200081EEA22A0BE001EE901ADFED2B2A00BFF7
:103A3000F8EE611A116882EEA12AC1F3080101EEC5
:103A4000901A1168F8EE611A40EE811A71EE800A40
:103A500062EE200AC1F3462101EE101AB8EE411AB7
:103A600031EE001AC0EE811ABCEEE11A80ED001AA8
:103A70001168C1F3064101EE101AB8EE411A31EE99
:103A8000001AC0EE811ABCEEE11A80ED011A11682D
:103A9000C1F3066101EE101AB8EE411A31EE000AC8
:103AA00080EE801ABCEEC10A80ED020A30BD04E04F
:103AB00001EE901ADFED092ABAE7002101604160AA
:103AC0008160F3E728440258000000393844025866
:103AD0000024744A0090D0030024744C0024F44A5B
:103AE000494930B5484C0B1D0A681C3409681D68EB
:103AF000246802F00303C5F30022C1F30551C4F3A7
:103B0000CC04002914FB02F200EE102AF8EE400A61
:103B100075D03F4A9FED3D1AB7EE000A6BB1DFED5D
:103B20003D1A012B01D0022B64D002EE101A11684D
:103B3000F8EE422A81EEA22A21E0334C283C236889
:103B40009B0612D5344B246801EE901A1168C4F319
:103B5000C104F8EE612AE34001EE903AC1F3080196
:103B6000F8EE611A81EEA22A0BE001EE901ADFED69
:103B70002B2A00BFF8EE611A116882EEA12AC1F368
:103B8000080101EE901A1168F8EE611A40EE811AF0
:103B900071EE800A62EE200AC1F3462101EE101A8E
:103BA000B8EE411A31EE001AC0EE811ABCEEE11AED
:103BB00080ED001A1168C1F3064101EE101AB8EE4B
:103BC000411A31EE001AC0EE811ABCEEE11A80ED06
:103BD000011A1168C1F3066101EE101AB8EE411A1C
:103BE00031EE000A80EE801ABCEEC10A80ED020AB6
:103BF00030BD04E001EE901ADFED092ABAE700219A
:103C0000016041608160F3E72844025800000039F8
:103C1000404402580024744A0090D0030024744C9D
:103C20000024F44A2DE9F04FAD4A0546DFF8ACA276
:103C300080F48070DFF8AC9289B01311AA4C08436D
:103C4000AAF104064FF0805C4FF000584FEAE20002
:103C50002CD085F400770F4357D0DFF880B285F47D
:103C600080670F430BF1080B61D085F400670F43A9
:103C700074D085F480570F436ED085F400570F43FE
:103C80004FF480394FF4003E67D085F400270F438E
:103C900071D085F480370F436ED085F480460E4393
:103CA0006BD085F400420A4368D02AE0DAF80010AD
:103CB00001F00701052924D2DFE801F075BC7D255C
:103CC000B10006A8FFF7C6FD079809B0BDE8F08F60
:103CD0006846FFF763FE0098F7E703A8FFF700FFC9
:103CE0000398F2E72068C0F3C10022FA00F0ECE785
:103CF0002268D20571D561456FD11846E5E7414587
:103D0000E3D00020E1E74846DFE7DAF8001001F4ED
:103D1000E07180294FD004DC002944D04029F0D143
:103D200088E0C029EFD0B1F5807FEAD177E0DBF8F9
:103D3000001001F46001B1F5800F3CD004DC91B3B8
:103D4000B1F5001FDDD175E0B1F5C00FDBD0B1F5E5
:103D5000000FD6D163E001E018E030E0DBF800109E
:103D600001F0E061B1F1007F25D008DCD9B1B1F1FB
:103D7000807FC6D15EE049E06CE079E09CE0B1F183
:103D8000407FC0D0B1F1806FBBD148E0DAF80010BD
:103D900001F4E041B1F5005F0DD005DC19B1B1F5DA
:103DA000805FAED146E094E0B1F5405FABD0B1F5B5
:103DB000804FA6D133E020688000A2D58DE7DAF8E5
:103DC000001001F4E021B1F5403F6CD006DC61B198
:103DD00049457AD0714594D157E037E0B1F5802F4D
:103DE00065D0B1F5A02F8CD10CE000F0D3FE6CE7CC
:103DF0006846FFF7D3FD019867E703A8FFF770FE59
:103E0000049862E721688903F1D47AE7DBF80010AF
:103E100011F440310ED0494510D07145F5D13168CB
:103E2000256801F040516D077FF562AF00297FF4EE
:103E30005FAF57E720680001E7D549E720688000B9
:103E4000E3D503A8FFF74CFE05983EE722689203EE
:103E5000DBD554E7306810F480303AD04845D4D1EF
:103E600020680001D1D56846FFF798FD02982CE73D
:103E7000DBF8001001F0E041B1F1405F13D008DC45
:103E800071B1614521D04145BFD120688000B4D4D3
:103E900037E7B1F1804F0AD0B1F1A04FB2D030E78F
:103EA000FFF7C6FC11E720684007AED51AE7206887
:103EB000C005AAD521E708E0DAF8001011F040515A
:103EC000A0D0614505D041459FD1206800018FD425
:103ED00017E72068800198D5F3E6000050440258A7
:103EE0000090D0030080BB00004402582DE9FE4F33
:103EF0000546DFF8E48350F8081B0024F64FC94359
:103F0000019005F12800264608F1240800900801D8
:103F10001DD4A86E50B1B0F5801F0CD0B0F5001FB5
:103F20000ED0B0F5401F1ED001240FE0386840F4D9
:103F30000030386017E00198022103F0CDFF03E064
:103F40000098022104F058F804000CD02646288876
:103F5000C043C00523D4A86D05281ED2DFE800F0B9
:103F60000C11161B1B00AA6ED8F8001021F440118A
:103F70001143C8F80010EAE7386840F400303860B0
:103F800009E00198002103F0A7FF03E00098002159
:103F900004F032F8044674B100E001242646288873
:103FA000C043800528D4E86D80281ED00CDC90B179
:103FB00040280ED114E0AA6DD8F8001021F00701B6
:103FC0001143C8F80010EAE7C02813D0B0F5807F8D
:103FD00010D001240FE0386840F40030386009E068
:103FE0000198002103F078FF03E00098002104F01D
:103FF00003F804469CB126462888DFF8DC92C043CB
:1040000009F12C0940052CD4D5F8A800B0F5800F93
:1040100020D00DDCA0B1B0F5001F0FD115E0EA6D86
:10402000D8F8001021F4E0711143C8F80010E3E75C
:10403000B0F5C00F13D0B0F5000F10D001240FE081
:10404000386840F40030386009E00198002103F03E
:1040500043FF03E00098002103F0CEFF04467CB14B
:1040600026462888C04300052DD4D5F8AC00B0F111
:10407000007F21D00EDCA8B1B0F1807F10D116E016
:10408000D5F8A820D9F8001021F460011143C9F82F
:104090000010E6E7B0F1407F13D0B0F1806F10D090
:1040A00001240FE0386840F40030386009E00198DE
:1040B000002103F011FF03E00098002103F09CFFB2
:1040C000044674B126462868C04380011FD4E86CBA
:1040D000D8B110280FD0202812D0302815D00124B4
:1040E00014E0D5F8AC20D9F8001021F0E0611143BC
:1040F000C9F80010E7E7386840F40030386004E0A1
:104100000198022103F0E8FE044674B1264628888F
:10411000C043C0042BD4286EB0F5005F20D00DDC66
:10412000A0B1B0F5805F0FD115E06B48EA6C20308C
:10413000016821F0300111430160E8E7B0F5405F0C
:1041400013D0B0F5804F10D001240FE0386840F450
:104150000030386009E00198002103F0BDFE03E063
:104160000098002103F048FF04468CB126462888B9
:10417000C043800429D4686EB0F5403F23D010DCE2
:1041800008B3B0F5803F14D0B0F5003F0FD115E073
:104190002A6ED8F8001021F4E0411143C8F800104D
:1041A000E5E7B0F5802F0ED0B0F5A02F0BD001249D
:1041B0000AE00198012103F08FFE03E0009801213D
:1041C00003F01AFF044694B126462888C0434004F1
:1041D0002AD4D5F8B000B0F1405F23D010DC08B38A
:1041E000B0F1805F14D0B0F1005F0FD115E06A6EBE
:1041F000D8F8001021F4E0211143C8F80010E4E7DA
:10420000B0F1804F0ED0B0F1A04F0BD001240AE0E6
:104210000198012103F060FE03E00098012103F002
:10422000EBFE044674B126462888C04300041FD420
:10423000286FD8B1B0F1805F0ED0B0F1005F10D020
:10424000012414E0D5F8B020D9F8001021F0E041A5
:104250001143C9F80010E7E7386840F400303860CF
:1042600004E00198012103F037FE044674B12646AC
:104270002868C043C0011ED4A86CD0B101280ED05C
:10428000022811D0032814D0012413E02A6FD8F893
:10429000001021F040511143C8F80010E8E73868D9
:1042A00040F40030386004E00198022103F014FE6D
:1042B0000446ACB126462868DFF81CB0C043ABF119
:1042C0001C0B400252D40548016841F48071016022
:1042D000FFF766F9824611E02C4402580048025864
:1042E000FA48AA6C016821F0030111430160E2E77A
:1042F000FFF756F9A0EB0A00642835D8F4480068A7
:10430000C005F5D58CBBDFF8C4A3B5F8B4100AF12D
:10431000240ADAF8000001F4407100F44070884289
:1043200011D0DAF80010DAF8002021F4407142F4DC
:104330008032CAF80020DAF8002022F48032CAF86D
:104340000020CAF80010D5F8B400B0F5807F1AD16B
:10435000FFF726F9029012E0FFF722F90299411ABD
:1043600041F2883081420AD9032426462878DFF8B2
:104370005CA3C0430AF1080AC00721D03CE0DAF888
:1043800000008007E8D5D5F8B410C1F30120032858
:1043900058460DD0016821F47C510160B5F8B42075
:1043A000DAF80010C2F30B021143CAF80010DDE77F
:1043B000C84A036802EA111223F47C511143ECE766
:1043C000E86F182816D005DCA0B1082808D01028FE
:1043D00004D10AE020280DD028280BD001240AE0BF
:1043E0000198012103F078FD03E00098012103F01A
:1043F00003FE044664B126462878C04380071ED4D5
:10440000A86F062819D2DFE800F0160C1116161650
:10441000EA6FDAF8001021F038011143CAF80010F1
:10442000EAE70198012103F057FD03E0009801211C
:1044300003F0E2FD04467CB100E001242646287822
:10444000C04340071FD4D5F89400062819D2DFE8EE
:1044500000F0160C11161616AA6FDAF8001021F0EB
:1044600007011143CAF80010E9E70198012103F0A0
:1044700033FD03E00098012103F0BEFD0446A4B122
:1044800000E0012426462878C04380062BD4D5F8C6
:104490009000B0F1405F24D011DC10B3B0F1805F28
:1044A00015D0B0F1005F10D116E0D5F89420D9F8FE
:1044B000001021F007011143C9F80010E3E7B0F143
:1044C000804F0ED0B0F1A04F0BD001240AE001982C
:1044D000002103F001FD03E00098022103F08CFDB0
:1044E000044694B126462878C04340062BD4D5F81C
:1044F0009C00B0F5406F24D011DC10B3B0F5806F94
:1045000015D0B0F5006F10D116E0D5F89020DAF88C
:10451000001021F0E0411143CAF80010E3E7B0F5C4
:10452000805F0ED0B0F5A05F0BD001240AE00198A7
:10453000002103F0D1FC03E00098022103F05CFDB0
:10454000044694B126462878C04300062BD4D5F8FB
:10455000A000B0F5C04F24D011DC10B3B0F5005F5F
:1045600015D0B0F5804F10D116E0D5F89C20D9F8C1
:10457000001021F4E0511143C9F80010E3E7B0F551
:10458000004F0ED0B0F5204F0BD001240AE0019867
:10459000002103F0A1FC03E00098022103F02CFDB0
:1045A000044654B126462878C04300071ED4D5F8E7
:1045B0008400B0F5805F0AD00FE0D5F8A020D9F8CC
:1045C000001021F460411143C9F80010EBE7009896
:1045D000022103F011FD00B10126D5F88420DAF89C
:1045E000001021F440511143CAF800102878C0434C
:1045F000C00613D4D5F89800B0F5807F05D1009897
:10460000022103F0F9FC00B10126D5F89820D9F871
:10461000001021F440711143C9F800102868C0430C
:10462000000316D4D5F8A40038B1B0F5803F09D006
:10463000B0F5003F0BD001240AE00198002103F0FF
:104640004BFC03E00098022103F0D6FC04468CB139
:1046500026462868C043400322D4D5F88800B0F528
:10466000801F11D0B0F5001F13D0B0F5401F15D03A
:10467000012414E0D5F8A420D9F8001021F4403129
:104680001143C9F80010E4E7386840F4003038609E
:1046900004E00098012103F0AFFC04465CB126461B
:1046A0002868C043C00323D4286DA8B1B0F5803F6B
:1046B00017D001241BE0D5F88820DAF8001021F487
:1046C00040111143CAF80010EAE700004C440258B8
:1046D00000480258CFFFFF00386840F400303860CF
:1046E00004E00198022103F0F7FB0446E4B12646FA
:1046F0002868C043800005D40098022103F07CFCA8
:1047000000B101262868C04380031BD4D5F880007F
:10471000B0B1B0F5807F0FD0B0F5007F10D0B0F50C
:10472000407F0DD001240CE05A482A6D016821F425
:10473000803111430160DBE7386840F400303860B5
:10474000ECB326462868C043C00207D46A6FD8F885
:10475000001021F000411143C8F800102868C04340
:10476000C00008D4D5F8B820DBF8001021F480414F
:104770001143CBF800102868C043800207D4EA6ECA
:10478000D8F8001021F080711143C8F80010286893
:10479000C04340000CD4DBF8001021F40041CBF8FA
:1047A0000010DBF80010D5F8BC201143CBF8001046
:1047B0002868C04308D437486A6D016800E018E0F3
:1047C00021F04051114301602868C043000208D421
:1047D000D5F88C20DAF8001021F440011143CAF812
:1047E000001028790024C04300F0010020430AD0C3
:1047F0000FE0D5F88020DAF8001021F44071114361
:10480000CAF800109EE70198002103F065FB00B193
:1048100006462879C04300F00200204305D10198E4
:10482000012103F059FB00B106462879C04300F08E
:104830000400204305D10198022103F04DFB00B193
:1048400006462879C04300F00800204305D10098AF
:10485000002103F0D1FB00B106462879C04300F0E7
:104860001000204305D10098012103F0C5FB00B1E1
:1048700006462879C04300F02000044304D1009884
:10488000022103F0B9FB00B916B10120BDE8FE8F8B
:104890000020FBE74C4402582DE9F05F04000F466E
:1048A0007ED0DFF83882D8F8000000F00F00B84260
:1048B0000CD2D8F8001021F00F013943C8F80010CD
:1048C000D8F8000000F00F00B84269D12078844D7C
:1048D00040070AD52069296801F07001884204D98F
:1048E000296821F070010143296020787C4E361D33
:1048F00000070AD56069316801F07001884204D967
:10490000316821F07001014331602078C0060AD57A
:10491000A069316801F4E061884204D9316821F46A
:10492000E061014331602078DFF8B4B180060BF11B
:10493000080B0CD5E1695846DBF8002002F0700244
:10494000914204D9026822F070020A430260207882
:1049500080070AD5E068296801F00F01884204D970
:10496000296821F00F01014329602078C0073ED05B
:104970005B49A2682868183920F4706010432860E9
:104980006068022818D0032819D00968012819D0B6
:10499000490700294ADADFF848A1AAF1080A00E02D
:1049A00044E0DAF8002022F007020243CAF80020AF
:1049B000FEF7F6FD814612E009688903E9E7096818
:1049C0008901E6E7C905E4E7FEF7EAFDA0EB090186
:1049D00041F28830814202D90320BDE8F09F61682E
:1049E000DAF8000000F03800B0EBC10FECD120780D
:1049F00080070AD5E068296801F00F01884204D2D7
:104A0000296821F00F0101432960D8F800104046C1
:104A100001F00F01B9420BD9016821F00F013943B0
:104A20000160006800F00F00B84201D00120D4E717
:104A3000207840070AD52069296801F07001884272
:104A400004D2296821F07001014329602078000711
:104A50000AD56069316801F07001884204D231687A
:104A600021F07001014331602078C0060AD5A069A9
:104A7000316801F4E061884204D2316821F4E061D8
:104A800001433160207880060CD5E1695846DBF897
:104A9000002002F07002914204D2026822F07002FB
:104AA0000A43026000F09AF80E492A682B68C2F3A4
:104AB000032203F00F038A5CC95C02F01F0201F0BD
:104AC0001F01D040084A20FA01F11160074908602F
:104AD00007480068BDE8F05FFEF79EBD0020005269
:104AE000184402581CF40008180000241400002484
:104AF0000C00002470B5144C3F220260124A246856
:104B00000832131D114D04F00704446016681C1D83
:104B100006F470668660166806F00F06C6601268B6
:104B200002F0700202611A6802F0700242611A68B3
:104B300002F4E0628261226802F07002C2612868B9
:104B400000F00F00086070BD1044025800200052B1
:104B500030B500F043F80B4A0B490C4B156814684C
:104B6000C5F3032204F00F048A5C095D02F01F0202
:104B700001F01F01D040064A20FA01F119601060CF
:104B8000084630BD184402581CF4000818000024E0
:104B90001400002400B5FFF7DBFF05490968054A4A
:104BA000C1F30211515C01F01F01C84000BD0000BB
:104BB0001C4402581CF4000800B5FFF7C9FF054962
:104BC0000968054AC1F30221515C01F01F01C84088
:104BD00000BD00001C4402581CF40008454970B593
:104BE00045480968434B103B11F0380208D00111C9
:104BF000082A03D0102A0BD0182A0BD0084670BD03
:104C000019688906FBD51968C1F3C101C84070BD98
:104C10003A4870BD3749374D18310C1D24350A68A4
:104C2000096826682D6802F0030406F00102C1F34A
:104C30000511C5F3CC0515FB02F200EE102AB8EE03
:104C4000400AE9B32F4ADFED2E0AB7EE001A6CB125
:104C5000DFED2D1A012C01D0022C43D002EE101AE8
:104C60001068F8EE422A81EEA22A1EE01C68A40613
:104C700011D51B6801EE901A1168C3F3C103F8EE59
:104C8000612AD84001EE900AC1F30800F8EE611ADB
:104C900081EEA22A0BE001EE901ADFED1C2A00BF84
:104CA000F8EE611A106882EEA12AC0F3080001EE46
:104CB000900AF8EE611A40EE201A31EE810A00E007
:104CC00015E022EE000A1068C0F34620401C00EEFA
:104CD000900AF8EE600A80EE201ABCEEC10A10EECF
:104CE000100A70BD01EE901ADFED092AD8E7002006
:104CF00070BD0000104402580090D00300127A00EA
:104D000000000039304402580024744A0024744CD6
:104D10000024F44A2DE9F05F04007DD0FF4F207895
:104D2000FE4D1837DFF8F493103DC00748D0D9F88E
:104D30000000396800F03800102815D0182803D179
:104D400001F0030002280FD06068B0F5803F12D058
:104D500010B1B0F5A02F18D0286820F4803028605A
:104D6000286820F4802009E02868800328D560683E
:104D70000028D2D024E0286840F4803028606068A1
:104D800088B1FEF70DFC064609E0286840F4802053
:104D90002860F0E7FEF704FC801B64286FD82868C1
:104DA0008003F7D50CE0FEF7FBFB064605E000BFED
:104DB000FEF7F6FB801B6428F0D828688003F7D440
:104DC000207841F20308D54E0C3E800769D5D9F80A
:104DD0000000396810F038000ED0182801D188077B
:104DE0000AD0E06890B3296821F0190101432960D5
:104DF000FEF7D6FB824631E02868400702D5E0681E
:104E000000288AD0E168286820F01900084328604B
:104E1000FEF7C6FB824607E0DFE000BFFEF7C0FBFF
:104E2000A0EB0A000228B9D828684007F6D500BFD1
:104E3000FEF7B0FB40451BD82069402812D03168EE
:104E400021F47C3141EA003030602AE018E000BFF4
:104E5000FEF7A6FBA0EB0A0002289FD828684007AF
:104E6000F6D5E5E7306820F47C3040F40030EBE71D
:104E7000207C316821F0FE4141EA0060E4E70DE169
:104E8000286820F001002860FEF78AFB824605E0D2
:104E9000FEF786FBA0EB0A0002288DD828684007A1
:104EA000F6D42078C0065DD5D9F80000DFF86CB2E2
:104EB000396800F03800ABF1040B082810D018282E
:104EC00003D101F0030001280AD0E0690028286816
:104ED00038D040F080002860FEF762FB824623E075
:104EE0002868C00523D5E069802876D11FE0206AB4
:104EF000202821D0316821F0F84141EA80603060FB
:104F000030E000BF94F82010DBF8002022F07C5243
:104F100042EA0161CBF8001024E000BFFEF740FB3D
:104F2000A0EB0A00022898D82868C005F6D5FEF73D
:104F300031FB4045E6D8DAE7306820F0F84040F031
:104F40008040DCE720F080002860FEF729FB064661
:104F500005E000BFFEF724FB801B02289DD82868CF
:104F6000C005F7D42078000729D56C486169643002
:104F700000298046016811D041F001010160FEF76F
:104F80000FFB064605E000BFFEF70AFB801B022868
:104F9000C9D8D8F800008007F6D510E021F001014B
:104FA0000160FEF7FDFA064605E000BFFEF7F8FADD
:104FB000801B022872D8D8F800008007F6D4207829
:104FC000800623D5A0690028286810D040F48050BE
:104FD0002860FEF7E5FA064605E036E1FEF7E0FA5E
:104FE000801B02285AD828688004F7D50EE020F4E8
:104FF00080502860FEF7D4FA064604E0FEF7D0FAA7
:10500000801B02284AD828688004F7D420784007FB
:105010004FD5DFF80C81D8F8001041F48071C8F842
:105020000010FEF7BDFA064605E000BFFEF7B8FA2D
:10503000801B642832D8D8F80000C005F6D5374E5A
:10504000A068603601280AD008B1052813D030685E
:1050500020F001003060306820F0040002E0306889
:1050600040F001003060A06841F2883A90B1FEF74C
:1050700097FA80460AE0306840F004003060EEE7BE
:10508000FEF78EFAA0EB0801514507D8306880077B
:10509000F6D50EE0FEF784FA804607E084E000BF14
:1050A000FEF77EFAA0EB080151457DD830688007F5
:1050B000F6D4606AB0B3DFF86480D9F8001008F164
:1050C00020084FF6F87B08F10409C1F3C201032957
:1050D000A8F1040A69D00228286820F080702860AE
:1050E00003D0FEF75DFA044684E0FEF759FA06465F
:1050F00005E000BFFEF754FA801B022877D8286825
:105100008001F7D4E26A40F2F331386854F8283F5E
:10511000884340EA02101843386004E01044025803
:1051200000480258B5E0217B434622894FF4FE0C2B
:10513000208A4FF0FE474902267D521E401EA1F5EF
:105140000071C2F308088AB2761E0CEA004042EAF7
:1051500008020243504607EA06610A431A60DAF879
:10516000002022F00102CAF80020D9F80020266AA7
:1051700022EA0B0242EAC602C9F80020DAF800105F
:10518000A26921F00C011143CAF800100168E2691C
:1051900021F0020111430160016841F48031016096
:1051A000016841F4003101E021E027E0016001687D
:1051B00041F480210160016841F00101016028682B
:1051C00040F080702860FEF7EBF9044605E000BF70
:1051D000FEF7E6F9001B022809D828688001F7D5F8
:1051E00057E000BFFEF7DCF9001B022802D90320BC
:1051F000BDE8F09F28688001F4D44AE039680128AE
:10520000D8F8000021D0A26A01F0030393421CD118
:10521000E26AC1F305118A4217D1216BC0F308027B
:10522000491E8A4211D1616BC0F34622491E914248
:105230000BD1A16BC0F30642491E914205D1E16B2F
:10524000C0F30660491E814201D00120D0E7A16C65
:105250004E46D9F80000C0F3CC00814219D0DAF8EC
:105260000000554620F00100CAF80000FEF798F94A
:105270004FEA0007FEF794F9B842FBD0A26C306801
:1052800020EA0B0040EAC2003060286840F00100CC
:1052900028600020ACE770477047704770470000F7
:1052A0002DE9FC5F0446806B0E46032184F8301024
:1052B000002703285CD0B6F5004F59D0B6F5804FD3
:1052C0004FF000054FF400684FF0806904D006B33A
:1052D000606B40F000603FE0009500210195206880
:1052E00003F06CFA80011CD46946204603F0C6FA2C
:1052F00070BB019840032DD5B4F844102068090410
:1053000002F010FF20BB206802211DE0606B2843E3
:1053100022E0009500210195206803F04FFA8001FA
:1053200001D54546F2E76946204603F0A7FA78B969
:105330000198C0030ED5B4F844102068090402F0A7
:10534000F1FE28B92068002102F036FF0028DDD0E8
:105350000546DBE74D46D9E76063606B4FF4007BA1
:10536000DFF8B8A040B121680127C1F838A042E0B9
:10537000606B40F08050EFE700214FF48030FEF783
:1053800051FC010032D0264D3346D4E904C0B1FBB4
:10539000F5F8D4E90192804510D9A66D5E450DD08F
:1053A000B6F5807F11D04FEA6506E0B14FEA4008BC
:1053B000B1FBF8F8B04501D9B1FBF5F04946CDE9AC
:1053C00000C0206803F0FEF915E0164E30B14FEA38
:1053D0004008B1FBF8F8A84502D8EFE7A942EDD99B
:1053E000B1FBF6F0EAE7B142E6D8E7E7606B0127E8
:1053F00040F0006060632068594602F0C4FE30B19E
:1054000022680127C2F838A0616B01436163012063
:1054100084F830003846BDE8FC9F0000FF0FE01F15
:1054200080F0FA0200E1F50570470000F0B5C26DAA
:10543000920F0A70C26DC2F383624A70C26DC2F3EA
:1054400001628A70C26D120CCA70B0F85C20120A38
:105450000A7190F85C204A71026E120DCA80026EC9
:10546000C2F303420A72B0F86020C2F3C0324A723B
:10547000B0F86020C2F380328A72B0F86020C2F3C4
:105480004032CA72B0F860200026C2F300320A73BC
:105490004E730122836B4FF4007463B1012B3AD039
:1054A000036850499963416B41F08051416380F832
:1054B00030200120F0BDB0F86030456E9B051B0D1B
:1054C00043EA95730B61436EC3F3C2630B75436E7E
:1054D000C3F302634B75436EC3F342538B75436E44
:1054E000C3F38243CB75436EC3F3C2330B760D69AE
:1054F0006D1C85640B7E03F007039B1C9D40856437
:105500000B7A446503F00F0302FA03F35F0A7D434D
:10551000C0E913350EE090F86050436EAD06AD0A59
:1055200045EA13430B610B695B1C9B028364C0E972
:1055300013434465B0F86430C3F380334B76B0F85E
:105540006430C3F3C6138B7690F8643003F07F03A6
:10555000CB76836EDB0F0B77836EC3F341734B7790
:10556000836EC3F382638B77836EC3F38353CB77EE
:10557000836EC3F3405381F8203081F82160836E3D
:10558000C3F3004381F82230B0F86830C3F3C0336E
:1055900081F82330B0F86830C3F3803381F82430C9
:1055A000B0F86830C3F3403381F82530B0F8683084
:1055B000C3F3003381F82630B0F86830C3F3812399
:1055C00081F82730B0F86830C3F3012381F8283020
:1055D00090F86800C0F3460081F8290081F82A207D
:1055E0000020F0BDFF0FE01F826B0A60C26B4A60B3
:1055F000026C8A60426CCA60826C0A61C26C4A6149
:10560000026D8A61406DC8610020704770B5B0F8C6
:105610004410002504460068090402F0BAFE18B1DF
:10562000616B0143616304E02068002103F0C6F868
:105630000546C5F3432070BD2DE9F041054690F8BD
:10564000300090B00C460026032810D0694628464A
:1056500003F05CFA2A4F4FF0010860B12A68012676
:1056600097636A6B02436A6385F830803AE00120F1
:1056700010B0BDE8F08100994FF47F40C1F3811173
:1056800021700099C1F34011617000990A4600EA47
:10569000112141EA12616180019909BA61600299A0
:1056A00021720299090A61720299C1F30351A17230
:1056B000DDE9022100EA1240C9B20843A081039843
:1056C000C0F38520A0730398C0F30120E073039812
:1056D000C0F303102074039800F00F006074049866
:1056E000000EA07428684FF4007102F04CFD28B140
:1056F0002A6801269763686385F830803046B7E7EB
:10570000FF0FE01F2DE9F84304460068E56A416B8E
:1057100009041BD5290719D5D4E90950202813D32A
:105720000026206803F064F8020A2870010C6A70F1
:10573000030EA970761CEB70082E05F10405F0D35A
:10574000A06A2038C4E90950BDE8F883416B0127FD
:10575000DFF8EC810026C90551D539024CF23A1226
:10576000816329072068C16B21EA0201C1632068B7
:10577000C16B21F08051C1632068C16821F04001F4
:10578000C16018D515F0220F09D0206802F04EFE36
:1057900028B1616B014361632046FFF745FE216834
:1057A000AA07C1F8388084F83070E66223D1204619
:1057B00000F03EFAC8E72806C6D5206815F0220F8B
:1057C00086622068C6622068066509D0206802F0FB
:1057D0002DFE28B1616B014361632046FFF724FE73
:1057E00015F0300F84F83070E66202D0204600F0E9
:1057F0001FFAA807A8D0204600F016FAA4E7416BCC
:10580000490421D529071FD5D4E9075020289BD367
:10581000002628780090697840EA01200090A97855
:1058200040EA01400090E9782D1D40EA01600090B7
:105830002068694602F0F4FF761C082EE9D3206A3E
:105840002038C4E907507FE7416B11F03A0F416BF4
:1058500058D0890703D5616B41F002016163416B48
:10586000090703D5616B41F008016163416B89064B
:1058700003D5616B41F020016163416BC90603D51B
:10588000616B41F010016163C0F838802068C16B22
:1058900021F49D71C1632068C16821F04001C1609D
:1058A0002068C16A41F40051C1622068C16841F0BA
:1058B0008001C160206802F0B9FD626B2B074FF4D4
:1058C000006140EA020060632068C26822F0800242
:1058D000C2602068816303D584F83070E6620DE011
:1058E00028068BD5606B002888D02068C16B21F01A
:1058F0008051C1632068066584F830702046FFF748
:1059000093FD21E7C9009ED54FF080518163206847
:10591000006D40074FEA856008D40028204602DA6F
:10592000FFF7BCFC10E7FFF7B7FC0DE700282046A7
:1059300002DAFFF7B2FC07E7FFF7ADFC04E700006F
:105940003A0F0018F0B5040085B020D094F830006C
:10595000002518B92046257600F098F8042084F830
:105960003000204600F03CF888B969462046FFF731
:1059700063FE60B99DF81010A26B9DF81100012A1A
:1059800008D0A5652046E168FFF78AFC58B10120E0
:1059900005B0F0BD014302D04FF4007001E04FF4B8
:1059A0008070A065EEE7FDF7FBFD0127064604E0E9
:1059B000FDF7F6FD801B401C0AD02046FFF726FEAF
:1059C0000428F5D16563E56284F830700020DFE7D4
:1059D0004FF00040606384F830700320D8E7000087
:1059E0002DE9FC414FF0000804464FF48030414659
:1059F000FEF718F905004FF0010723D02048434671
:105A000042464146B5FBF0F6CDE90086206802F03B
:105A1000D9FE206802F0E6FE1EB17000B5FBF0F57D
:105A20002DB11848B0FBF5F0401CFDF779FC20467D
:105A300003F012F860B100BF84F83070616B01436D
:105A4000616319E04FF0006084F83070606313E028
:105A5000204602F085FF0028EED120684FF4007147
:105A600002F091FB002808D0226807499163616B1E
:105A70000143616384F830700120BDE8FC810000BF
:105A800000350C0010210100FF0FE01FF0B5B7B08A
:105A90000446142130A8FAF7C8FEC0216846FAF778
:105AA000C4FE27492068884247D1002014904FF453
:105AB00080310446CDE900106846FEF717FA08B1B8
:105AC000FCF7BFF91F48016841F4803101600068AC
:105AD00000F4803035901B480C30016841F004011F
:105AE0000160016801F004013591016841F008018D
:105AF00001600068022532AA00F0080035904FF4DA
:105B0000F850CDE9300503260F480C2782E8D00075
:105B100030A9FDF717FC042032AACDE930050B4867
:105B200030A982E8D000FDF70DFC002205213120CC
:105B3000FDF722FE3120FDF711FE37B0F0BD000069
:105B400000700052D444025800080258000C025859
:105B50002DE9F0430F001E4687B00446154607D0D6
:105B600094F83000012807D0022007B0BDE8F08388
:105B7000606B40F0006008E0216D0020AA196063AE
:105B80008A4204D9606B40F00070606341E00321F9
:105B900084F8301022687102D062C4E90971A26BE6
:105BA000012A00D06D024FF0020C90230293CDE940
:105BB00003C04FF0FF320590CDE9002180462068F8
:105BC000694602F091FC2068012E4FF00109C2687D
:105BD00042F04002C260206887652068C0F850909B
:105BE00006D98220E0622068294602F03DFB05E0EC
:105BF0008120E0622068294602F050FB58B12568F8
:105C00000849A963616B0143616384F83090C4F86B
:105C10002C800120A9E72068C16B41F49571C16314
:105C20000020A2E7FF0FE01F10B5FBF7E7FD10BD56
:105C300010B5FBF7F9FD10BD2DE9F0470F001E462A
:105C400086B00446154607D094F83000012807D0E6
:105C5000022006B0BDE8F087606B40F0006008E00D
:105C6000216D0020AA1960638A4204D9606B40F05C
:105C70000070606340E0032184F8301022687102F4
:105C8000D062C4E90771A26B012A00D06D024FF007
:105C9000FF324FF0900A0590CDE902A0CDE9002136
:105CA000049080462068694602F01EFC2068C168A6
:105CB00041F04001C16020684FF001098765012E65
:105CC0002168C1F8509006D9A020E06220682946DA
:105CD00002F0D6FB05E0C4F82CA02946206802F0AB
:105CE000E9FB58B12568094AAA63626B0243626303
:105CF00084F83090C4F82C800120AAE72068C16B9A
:105D000041F48D71C1630020A3E70000FF0FE01F85
:105D10007047704770470000F0B590F83C20012AAA
:105D20003BD01F4E012480F83C40022280F83D20E9
:105D300002681C4D5368B242D2F808C001D0AA4292
:105D400003D14F6823F470033B430F6823F07003C3
:105D50001F4357600268B24213D0B2F1804F10D097
:105D6000114B9A420DD0114B9A420AD0104B9A42D5
:105D700007D0AA4205D00F4B9A4202D00E4B9A424E
:105D800004D189682CF0800319439160002180F8C8
:105D90003D4080F83C100846F0BD0220F0BD0000F8
:105DA00000000140000401400004004000080040E1
:105DB000000C0040001800400040014010B50400F5
:105DC00003D094F83D0010B107E0012010BD002081
:105DD00084F83C00204600F023F8022084F83D00BF
:105DE0002068211D03F0FEF9012084F8480084F8A2
:105DF0003E0084F83F0084F8400084F8410084F8B5
:105E0000420084F8430084F8440084F8450084F894
:105E1000460084F8470084F83D00002010BD0000D3
:105E200008B501681F48B1F1804F11D01E4A914258
:105E300016D1016841F002010160006800220521CD
:105E400000F0020000901D20FDF796FC1D2024E0CC
:105E5000016841F001010160006800F0010009E003
:105E6000124A914208D1016841F0040101600068C2
:105E700000F00400009008BD0D4A9142FBD101687A
:105E800041F01001016000680022052100F01000BF
:105E900000903620FDF770FC3620BDE80840FDF785
:105EA0005DBC0000E84402580004004000080040C7
:105EB0000010004090F83D10012901D001207047EA
:105EC000144B0222016880F83D20994214D0B1F1B0
:105ED000804F11D0104881420ED0104881420BD023
:105EE0000F48814208D00F48814205D00E488142B8
:105EF00002D00E48814207D188680D4A104006281A
:105F000006D0B0F5803F03D0086840F0010008607B
:105F100000207047000001400004004000080040DD
:105F2000000C004000040140001800400040014007
:105F30000700010090F83D10012901D001207047B1
:105F4000174A022180F83D100168CB6843F0010335
:105F5000CB600068904214D0B0F1804F11D011494D
:105F600088420ED0104988420BD01049884208D090
:105F70000F49884205D00F49884202D00E49884215
:105F800007D181680D4A1140062906D0B1F5803F3E
:105F900003D0016841F0010101600020704700005A
:105FA000000001400004004000080040000C0040D8
:105FB00000040140001800400040014007000100BB
:105FC00070B5044690F83C000025012814D03A4BE7
:105FD000012684F83C60022084F83D002268906825
:105FE000184020F47F409060086870282FD010DCA3
:105FF00010F00F0F03D022E04FF0020070BD4FEA07
:106000002012072A1BD2DFE802F0535353534B39B7
:106010004100B0F1101F4BD009DCB0F5805F0FD00C
:10602000B0F5005F1ED0B0F5801F08D140E0A0F5AC
:10603000801120393CD010293AD0202938D00125B0
:1060400084F83D60002084F83C00284670BD4A6812
:106050002068D1E9021303F038F92068816841F023
:10606000770109E04A682068D1E9021303F02DF9AD
:106070002068816841F480418160E1E7CA6849682D
:10608000206803F0CFFA2068502106E0CA6849680A
:10609000206803F0D8FA2068602103F01FF9CFE7E9
:1060A000CA684968206803F0BDFA20684021F4E717
:1060B000226801461046F0E788FFCEFF70472DE9C1
:1060C000F041044600680027C6680569A90713D592
:1060D000B10711D5FA1E026101212177206880697C
:1060E0008007204602D0FFF7E9FF04E000F0CCF87B
:1060F000204600F08EF92777680716D5700714D56B
:10610000226802206FF00401116120772068806905
:1061100010F4407F204602D0FFF7D0FF04E000F0EB
:10612000B3F8204600F075F92777280715D5300712
:1061300013D5226804206FF00801116120772068D0
:10614000C0698007204602D0FFF7B8FF04E000F0E6
:106150009BF8204600F05DF92777E80616D5F00693
:1061600014D5226808206FF0100111612077206893
:10617000C06910F4407F204602D0FFF79FFF04E083
:1061800000F082F8204600F044F92777E80708D0AD
:10619000F00706D021686FF001000861204600F08A
:1061A000C1F9280601D4A80408D5300606D521680F
:1061B0006FF4025008612046FFF7ABFDE80508D5F3
:1061C000300606D521686FF4807008612046FFF71D
:1061D0009FFD680608D5700606D521686FF040005F
:1061E0000861204600F05EFAA8060AD5B00608D578
:1061F00021686FF0200008612046BDE8F041FFF7FC
:1062000089BDBDE8F081000010B586B004461421B8
:106210006846FAF70AFB2368002017490222B3F107
:10622000804F17D0154CA34212D10B6843F00803DE
:106230000B60096801F0080105914FF4704100916D
:10624000CDE90120CDE903020D486946FDF77AF852
:1062500006B010BD0B6843F001030B60096801F044
:10626000010105910F21009101236946CDE901202B
:10627000CDE903030348E9E7E04402580008004081
:10628000000C025800000258704770B5044690F8A0
:106290003C0000260D4601280BD0012084F83C006C
:1062A0000C2A4AD007DC82B1042A20D0082A06D161
:1062B00031E0022070BD102A53D0142A63D0012689
:1062C000002084F83C00304670BD206803F010F8D0
:1062D0002068816941F0080181612068816921F0AD
:1062E0000401816120682A698169114311E02068F5
:1062F00003F050F82068816941F4006181612068F1
:10630000816921F48061816120682969826942EA9A
:1063100001218161D4E7206803F088F82068C16911
:1063200041F00801C1612068C16921F00401C16127
:1063300020682A69C169114311E0206803F0C2F89E
:106340002068C16941F40061C1612068C16921F41C
:106350008061C16120682969C26942EA0121C16185
:10636000AEE7206803F0EAF82068416D41F00801CB
:1063700041652068416D21F00401416520682A696A
:10638000416D114311E0206803F012F92068416D5E
:1063900041F4006141652068416D21F480614165EF
:1063A00020682969426D42EA0121416588E710B5FC
:1063B000040003D094F83D0010B107E0012010BDA7
:1063C000002084F83C00204600F022F8022084F8E7
:1063D0003D002068211D02F005FF012084F84800DF
:1063E00084F83E0084F83F0084F8400084F84100BF
:1063F00084F8420084F8430084F8440084F845009F
:1064000084F8460084F8470084F83D00002010BD61
:106410007047704730B504464FF0020269B1042955
:1064200012D0082917D00C291CD0102921D094F89B
:106430004300012824D0012030BD94F83E000128FB
:10644000F9D184F83E201DE094F83F000128F2D1F4
:1064500084F83F2016E094F840000128EBD184F83E
:1064600040200FE094F841000128E4D184F8412055
:1064700008E094F842000128DDD184F8422001E0D0
:1064800084F843200122206802F012FF1B4B206891
:106490001B491C4A984209D0884207D0904205D037
:1064A000194DA84202D0194DA84203D1456C45F4BC
:1064B000004545642068984212D0B0F1804F0FD05B
:1064C000134B98420CD0134B984209D0124B984270
:1064D00006D0884204D01149884201D0904207D1A9
:1064E00081680F4A1140062906D0B1F5803F03D0DC
:1064F000016841F001010160002030BD0000014051
:1065000000040140004001400044014000480140B7
:106510000004004000080040000C0040001800404B
:10652000070001002DE9F0474E4905460068884202
:1065300001D1FDF73BF84C49286888427ED14B4C8D
:106540000026DFF82C914FF08058207804280ED9CF
:10655000494826704749006808F0B1FA4548006884
:1065600028B1C9F80080BFF34F8FBFF36F8F434846
:10657000434A0168914238D041481830814234D0B2
:106580003F483030814230D03D48483081422CD0A5
:106590003B486030814228D039487830814224D04D
:1065A00037489030814220D03548A83081421CD0F5
:1065B0003448814219D033481830814215D03148CF
:1065C0003030814211D02F48483081420DD02D48C3
:1065D0006030814209D02B487830814205D029486B
:1065E0009030814201D02748A83048682649274F7B
:1065F000C0F5FA7080B208803A88904224D18A4669
:1066000010B31E48943800F0BFF8BAF800202049B3
:106610002048FAF769F819484FF4FA721C4994387F
:1066200000F022FD1D483E801B49006808F047FA33
:106630001948006848B1C9F8008000E008E0BFF3DD
:106640004F8FBFF36F8F00E038802078401C2070A0
:1066500013492868884203D1BDE8F047FBF79EB98B
:10666000BDE8F08700000140000400400000002465
:1066700004ED00E0900000248C0000241C0A00249B
:106680001000024010040240580400245A04002460
:106690004C530024405500248C040024880400241A
:1066A00000100040704730B590F88410012918D0D0
:1066B000012280F884202421C0F8881000222024A0
:1066C00001680B680D6823F0005325F001050D608B
:1066D000426601680B60C0F8884080F8842010464C
:1066E00030BD022030BD7047704770B5044690F849
:1066F000840001281DD0012284F884202420C4F8BD
:10670000880020680568026822F0010202602068A3
:10671000826822F060620A438260204603F07EF9BC
:106720002268202100201560C4F8881084F88400B5
:1067300070BD022070BD70B5044690F88400012839
:106740001DD0012284F884202420C4F88800206809
:106750000568026822F0010202602068826822F067
:1067600060420A438260204603F058F922682021E3
:1067700000201560C4F8881084F8840070BD0220E1
:1067800070BD70477047000070B50446216851E83D
:10679000000F20F4907041E80002002AF6D1244A4C
:1067A0002068083050E8001F114040E80013002B1B
:1067B000F6D1E06E012808D1216851E8000F20F0E1
:1067C000100041E80002002AF6D120680025806808
:1067D000400618D52068083050E8001F21F040011D
:1067E00040E80012002AF5D1D4F8800058B10565C0
:1067F000D4F88000FBF7FCFB28B1D4F88000FBF74D
:10680000E9FE20280FD00F20A4F85E502268202136
:1068100010622068826942F008028261C4F88C101C
:10682000E566002070BD1020C4F89000032070BD04
:10683000FEFFFFEF704700002DE9F04107680025DB
:10684000044640F60F030226F8693968BA68184210
:106850000AD183067ED501F0200302F0805C53EA62
:106860000C0377D0616F7EE1D44BDFF854C3134043
:1068700001EA0C0C53EA0C0C6CD05FEAC07C0CD023
:106880005FEAC15C09D54FF0010CC7F820C0D4F80D
:10689000907047F00107C4F89070870709D5D707B3
:1068A00007D027683E62D4F8906046F00406C4F82A
:1068B000906046070AD5D60708D0276804263E62AE
:1068C000D4F8906046F00206C4F8906006070CD534
:1068D00001F020061E4308D0266808233362D4F84E
:1068E000903043F00803C4F8903003050BD54B01FA
:1068F00009D526684FF400633362D4F8903043F032
:106900002003C4F89030D4F89030002B3DD080069E
:1069100009D501F0200002F08051084303D0616FD7
:1069200009B1204688472168D4F890008968490653
:1069300002D410F0280F2AD0204603F0EFF9206887
:10694000806840061ED52068083050E8001F21F0FE
:10695000400100E021E040E80012002AF3D1D4F821
:10696000800078B197490165D4F88000FBF7F0FC0E
:1069700000280AD0D4F88000016D00E02046BDE870
:10698000F04108472046FFF755FFBDE8F08120465B
:10699000FFF750FFC4F89050F7E7D4F86CC02023FD
:1069A000BCF1010F7ED15FEAC06C7BD55FEAC16CA0
:1069B00078D51020386220688068400673D5D4F8F6
:1069C000802081491068884234D07F49183188423C
:1069D00030D07D49303188422CD07B4948318842C3
:1069E00028D079496031884224D07749783188426B
:1069F00020D07549903188421CD07349A831884213
:106A000018D07249884215D070491831884211D087
:106A10006E49303188420DD06C494831884209D0E6
:106A20006A496031884205D068497831884201D08E
:106A30006649903140684FF480770004000C40D0E4
:106A4000B4F85C1081423CD9A4F85E00D069B84229
:106A50002FD0216851E8000F20F4807041E8000237
:106A6000002AF6D12068083050E8001F21F001010B
:106A700040E80012002AF5D12068083050E8001FD5
:106A800021F0400140E80012002AF5D1C4F88C3012
:106A9000E566206850E8001F21F0100140E8001270
:106AA000002A01E04AE019E0F3D1D4F88000FBF7B6
:106AB0009FFA2667B4F85C00B4F85E10401A81B201
:106AC00008E0B4F85C1081427FF466AFD069B84248
:106AD000FAD126672046FFF706FE56E7B4F85C00B9
:106AE000B4F85E10B4F85E20401A81B2002AF4D0E7
:106AF0000029F2D0226852E8000F20F4907042E89A
:106B00000007002FF6D1324F206800F1080050E84E
:106B1000002F02EA070240E8002CBCF1000FF3D17D
:106B2000C4F88C30E5666567226852E8000F20F0F3
:106B3000100042E80003002BF6D1CAE7C60209D5CF
:106B4000560207D54FF4801038622046BDE8F04168
:106B5000FFF718BE06060AD501F0800602F400020F
:106B6000164304D0A16F00297FF408AF0DE7420659
:106B700011D54A060FD52046016851E8002F22F0B2
:106B8000400241E80024002CF6D1C0F88830856727
:106B900000F0D8FAF9E6020206D54A0004D52046EC
:106BA000BDE8F041FFF7EDBDC00196D5002994DAAC
:106BB0002046BDE8F041FFF797BD0000010000103E
:106BC00020010004D39B0008100002401004024082
:106BD000FEFFFFEF10B5040003D0D4F8880010B119
:106BE00007E0012010BD002084F88400204600F05A
:106BF00027F82420C4F888002068016821F00101EA
:106C00000160A06A10B1204602F02AFF204603F07E
:106C1000C7F80128E6D02068416821F4904141601E
:106C20002068816821F02A0181602068016841F0B4
:106C3000010101602046BDE8104002F075BF000070
:106C40002DE9F04FB7B00546142130A8F9F7EDFD56
:106C5000C0216846F9F7E9FDEF4C0226EF494FF0F5
:106C600000082868083CDFF8B093770288424AD1D0
:106C70000021CDF878800220CDE900016846FDF7BB
:106C800035F908B1FBF7DDF8D9F8001041F48011AF
:106C9000C9F80010D9F8000000F480103590206881
:106CA00040F00200206020680E21444600F00200FF
:106CB00035904FF440503090CDE93168CDE93381C3
:106CC000D74830A9FCF73EFBD64E4121D64830606C
:106CD0004FF48030C6E90114C6E903477461B4611A
:106CE000C6E9074030467462FBF7EAFF08B1FBF7DC
:106CF000A8F8C5F8806000220621B5633520FCF7AE
:106D00003BFD35204DE0C9494FF0070A4FF0400BDD
:106D100088424BD10021CDF8788002226846CDE927
:106D20000021FDF7E3F808B1FBF78BF8D9F8001064
:106D300041F08041C9F80010D9F8000000F080400F
:106D40003590206840F01000206020684FF4C0713A
:106D5000309130A900F010004446CDE93168CDF8FB
:106D6000CC80CDE934A0B248FCF7ECFAB14E502209
:106D7000AD4930461831C6E903477461B461F46126
:106D80003462746286E80608FBF79AFF08B1FBF7E5
:106D900058F8EE6700220521B5635220FCF7ECFCA1
:106DA0005220FCF7DBFC37B0BDE8F08FA2498842E7
:106DB00064D10021CDF8788002226846CDE9002117
:106DC000FDF794F808B1FBF73CF8D9F8001041F052
:106DD0000041C9F80010D9F8000000F000403590DB
:106DE000206840F01000206020680821444600F030
:106DF0001000359003203090CDE93168CDE9338122
:106E00008B4830A9FCF79EFADFF830825223864A7D
:106E10004046483AC0E90347C8F81440C8F818404B
:106E2000C8F81C40C8F8204088E80C08C8F824407E
:106E3000FBF746FF08B1FBF704F8814E51227A496F
:106E4000C5F87C8030463039C8F8385086E81600DE
:106E5000C6E903477461B461F46134627462FBF79C
:106E60002FFF08B1FAF7EDFFC5F880600022092175
:106E7000B5635320FCF780FC532092E77149DFF89B
:106E8000C8B188422BD10020CDF87C800121CDE90A
:106E900000106846FDF72AF808B1FAF7D2FFDBF8D0
:106EA000001041F01001CBF80010DBF8000000F0FA
:106EB00010003590206840F001002060206830AA62
:106EC0004FF4C06100F0010082E84201CDE934A036
:106ED0005E4830A9CDF8CC80FCF734FA63E75C4912
:106EE00088424AD10020CDF878800221CDE90010F7
:106EF0006846FCF7FBFF08B1FAF7A3FFD9F80010CA
:106F000041F40031C9F80010D9F8000000F4003055
:106F10003590206840F008002060206860213091A2
:106F200030A900F008004446CDE93168CDF8CC80A6
:106F3000CDE934A04748FCF705FA474E2B213A48E3
:106F4000183830604FF48030C6E90114C6E90347B1
:106F50007461B461C6E9074030467462FBF7B0FE65
:106F600008B1FAF76EFFC5F8806000220621B5630C
:106F70002620FCF701FC262013E738498842ADD1D2
:106F80000021CDF87C8001226846CDE90021FCF784
:106F9000ADFF08B1FAF755FFDBF8001041F0200112
:106FA000CBF80010DBF8000000F0200035902068DE
:106FB00040F0040020602068C021309130A900F02A
:106FC00004004446CDE93168CDF8CC80CDE934A049
:106FD0002348FCF7B7F9234E472113486038306047
:106FE0004FF40030C6E90114C6E903477461B46187
:106FF000C6E9074030467462FBF762FE08B1FAF753
:1070000020FFC5F8806000220521B5634720FCF70A
:10701000B3FB4720C5E60000E8440258005000409A
:1070200000040258940A00247000024000780040D6
:10703000001002580C0B0024007C0040840B00243C
:10704000FC0B002400100140F044025800000258DC
:1070500000440040000C0258740C0024001401404D
:10706000000802581C0A002430B4D0F88C30202BC1
:1070700002D0022030BC7047A9B1A2B10B4D002450
:107080000368C466AB420BD05B681B0208D504687A
:1070900054E8003F43F0806344E80035002DF6D10A
:1070A00030BC03F053B80120E4E70000000C0058A6
:1070B0007047704770B50446D0F88800202801D08A
:1070C000022070BD39B332B3E06F00232165212562
:1070D000A4F85420A4F85620C4F89030C4F888507E
:1070E000D8B11549C163E16F14480864E16F1448D1
:1070F000C864E06F036513462068E56F00F128025D
:10710000216D2846FBF7BEFF38B11021C4F890105E
:107110002020C4F88800012070BD2168402008624A
:107120002068083050E8001F41F0800140E800125C
:10713000002AF5D1002070BDD39C0008139D0008E3
:10714000E39B000870477047FEE70000054D4FF4D1
:10715000007421462846FCF710FA642007F0CCF8AA
:10716000F7E700000010025810B52B4929482DED13
:107170000C8B86B091ED000AB5EEC00AF1EE10FA64
:1071800090EC041B90ED040B06D1183880ED002B19
:1071900080ED021B80ED040B1E483038A0F1100476
:1071A00080ED002B80ED021B80ED040B04F1280024
:1071B00090EC060B06F07CF81034B0EE428BB0EE8B
:1071C00040ABB0EE419B94EC060B06F071F8182230
:1071D0006846B0EE42BBB0EE40CBB0EE41DB04F10E
:1071E0001801F9F7C6FAB0EE485BB0EE494BB0EEC5
:1071F0004A3BB0EE4B2BB0EE4D1BB0EE4C0B04F007
:1072000013FBA4F1180080EC060B06B0BDEC0C8B50
:1072100010BD000080570024880000241D4808B5D8
:10722000016841F00101016000680022052100F0C1
:10723000010000900B20FCF79FFA0B20FCF78EFA60
:10724000002205210C20FCF797FA0C20FCF786FAA7
:10725000002205210D20FCF78FFA0D20FCF77EFAA5
:10726000002205210E20FCF787FA0E20FCF776FAA3
:10727000002205210F20FCF77FFA0F20FCF76EFAA1
:10728000002205211020FCF777FABDE80840102005
:10729000FCF764BAD844025810B503490348FAF71A
:1072A0007FFE0349087010BD250000242CF400085F
:1072B000240000242DE9F04F87B014216846F9F727
:1072C000B4FA4A48016841F004010160016801F024
:1072D00004010591016841F080010160016801F03D
:1072E00080010591016841F001010160016801F030
:1072F00001010591016841F002010160016801F09E
:1073000002010591016841F010010160016801F07E
:1073100010010591016841F00801016000684FF417
:107320000056DFF8CCA0002200F00800314605909E
:107330005046FCF72AF92F4801220221FCF725F9D3
:10734000DFF8B4B03711002239465846FCF71DF972
:107350004FF44048274800224146FCF716F94FF405
:107360004079264800224946FCF70FF9022400968E
:107370000125694600260396CDE901545046FBF7E6
:10738000E1FF1C486946CDE9004502940394FBF7F0
:10739000D9FF00976946CDE9015458460394FBF79D
:1073A000D1FFCDF80080694603961248CDE901541B
:1073B000FBF7C8FFCDF80090694603960F48CDE96A
:1073C0000154FBF7BFFFA0036946CDE900060C4856
:1073D0000294FBF7B7FF20206946CDE90006054877
:1073E0000294FBF7AFFF07B0BDE8F08FE04402580E
:1073F000000802580004025800100258000C0258FD
:107400000000025810B58EB000241C21009407A87B
:10741000019402940394049405940694F9F705FAF0
:107420002A4842F20F71C7224FF08043C0E902415F
:1074300004618461C0E90032FEF7C0FC08B172B695
:10744000FEE74FF48050009020486946FEF7B8FDF3
:1074500008B172B6FEE71D48FEF7A9FF08B172B683
:10746000FEE71A4804A904940694FEF755FC08B1F7
:1074700072B6FEE707AA40F2DC51602082E81300F2
:107480001248002207A90B94FEF7FFFE08B172B65E
:10749000FEE70E48042207A9FEF7F7FE08B172B610
:1074A000FEE70A48082207A9FEF7EFFE08B172B608
:1074B000FEE706480C2207A9FEF7E7FE08B172B600
:1074C000FEE70248FEF7A0FE0EB010BD74050024D2
:1074D00010B588B0174800241549C72240F2CF7371
:1074E000009401940294039404940594069480E813
:1074F0001600C0E903348461FEF760FC08B172B67F
:10750000FEE74FF4805000900A486946FEF758FDA8
:1075100008B172B6FEE7074804A904940694FEF782
:10752000FBFB002801D072B6FEE708B010BD0000DA
:1075300000040040C005002410B58EB000241C21BA
:10754000009407A80194029403940494059406946B
:10755000F9F76BF92B4842F20F71C722284BC0E9AB
:10756000024104618461C0E90032FEF727FC08B1E2
:1075700072B6FEE74FF48050009022486946FEF74D
:107580001FFD08B172B6FEE71E48FEF710FF08B1F6
:1075900072B6FEE71B4804A904940694FEF7BCFBF0
:1075A00008B172B6FEE707AA40F2DC51602082E81B
:1075B00013001448002207A90B94FEF766FE08B1D9
:1075C00072B6FEE70F48042207A9FEF75EFE08B177
:1075D00072B6FEE70B48082207A9FEF756FE08B16F
:1075E00072B6FEE707480C2207A90894FEF74DFE85
:1075F00008B172B6FEE70348FEF706FE0EB010BDF6
:10760000000800400C060024174800212DE9F04135
:10761000144A0C24C0E90541C16101629514134B61
:10762000561441621715816280E8EC00FFF7D2FA28
:1076300008B172B6FEE70C480021FFF77CF808B1EC
:1076400072B6FEE708480021FFF74FF808B172B69E
:10765000FEE70548FFF727F8002801D072B6FEE7DD
:10766000BDE8F08100500040A4060024A08601007F
:107670001748002110B5154C0C224FF4612304600B
:10768000C0E90131C160C0E904128161C1610162D8
:1076900041628162FFF79EFA08B172B6FEE70C48BC
:1076A0000021FFF748F808B172B6FEE7084800214C
:1076B000FFF71BF808B172B6FEE70548FEF7F3FFC7
:1076C000002801D072B6FEE710BD0000007800402F
:1076D000380700241748002110B5154C0C224FF430
:1076E000E1330460C0E90131C160C0E90412816185
:1076F000C161016241628162FFF76CFA08B172B642
:10770000FEE70C480021FFF716F808B172B6FEE755
:1077100008480021FEF7E9FF08B172B6FEE7054808
:10772000FEF7C1FF002801D072B6FEE710BD0000D1
:10773000007C0040CC0700241748002110B5154CF0
:107740000C224FF461230460C0E90131C160C0E93B
:1077500004128161C161016241628162FFF73AFAFC
:1077600008B172B6FEE70C480021FEF7E4FF08B14D
:1077700072B6FEE708480021FEF7B7FF08B172B6FF
:10778000FEE70548FEF78FFF002801D072B6FEE73E
:1077900010BD0000001001406008002417480021BF
:1077A00010B5154C0C224FF461330460C0E901316F
:1077B000C160C0E904128161C161016241628162FC
:1077C000FFF708FA08B172B6FEE70C480021FEF791
:1077D000B2FF08B172B6FEE708480021FEF785FF48
:1077E00008B172B6FEE70548FEF75DFF002801D03C
:1077F00072B6FEE710BD000000440040F40800240B
:107800001748002110B5154C0C224FF46123046079
:10781000C0E90131C160C0E904128161C161016246
:1078200041628162FFF7D6F908B172B6FEE70C48F3
:107830000021FEF780FF08B172B6FEE7084800217C
:10784000FEF753FF08B172B6FEE70548FEF72BFFBF
:10785000002801D072B6FEE710BD00000014014000
:10786000880900242DE9F041DFF8108408F5007044
:107870002DED0A8B98ED083B80ED043B404690EDE2
:107880000A2B00F5007080ED062B9FEDFD9BFE4856
:1078900008F5C07590ED040AB7EEC00A20EE090B9A
:1078A00085ED1C0B90ED030A9FEDF51BB7EEC00AAA
:1078B00020EE010B85ED1E0B90ED050A9FEDF01BF0
:1078C00005F18000B7EEC00A20EE010B80ED000B41
:1078D000ED4890ED000A05F18000B7EEC00A80ED9A
:1078E000020BE94890ED020A4046B7EEC04A80ED2F
:1078F000084BE54890ED010A9FEDE41B34EE433B55
:10790000B7EEC00A4146E348A5F18004E24F01F119
:10791000800681ED0A0B30EE424B83EE012B84EEA4
:10792000013B84EC042B90ED030AB7EEC00A86ED10
:10793000020B90ED050AB1EE400AB7EEC00A86EDE3
:10794000040B90ED041A0846B7EEC12A86ED062B0B
:1079500090ED0E1B80EE013B82EE010B84ED0C3BA3
:1079600084ED100B97ED020A97ED011A60EE000A04
:1079700097ED000A41EE010A40EE000AB7EEE00A78
:1079800084ED060B02F0DCFE4046B6EE00BB90ED47
:107990000C1B94ED060B21EE0B1B21EE000B84ED6E
:1079A000080B97ED010AB7EEC00A84ED1A0B97EDAC
:1079B000020AB1EE400AB7EEC00A84ED1C0B9FED3F
:1079C000B78B97ED000AB1EE401A9FEDB62B9FEDF5
:1079D000B73B9FEDB84B9FEDB90BB7EEC11A84EDE5
:1079E0001E1B84ED142B84ED163B84ED188B84ED67
:1079F000120B84ED044B02F04BFD94ED041B20EEC2
:107A0000010B84ED1A0B94ED120B02F041FE94ED84
:107A1000041B9FEDAC2B9FEDAD3B9FEDAE4B20EEDD
:107A200001AB21EE010B404684ED1CAB84ED1E8BB7
:107A300084ED0C2B84ED108B80ED083B84ED004B26
:107A400080ED0A8B84ED028B84ED060B90ED0C1B10
:107A500021EE0B1B21EE000B84ED080B94ED1ABBFD
:107A60008AEE0B0BB7EEC00B02F058FCB7EEC00A63
:107A7000404684ED120B90ED100B94ED141B30EE8C
:107A8000410B85ED000B90ED121B94ED162B20EEB3
:107A9000000B31EE421B85ED021B90ED141B94EDA3
:107AA000182B31EE421B85ED041B90ED162B01EED9
:107AB000010B32EE4B2B85ED062B90ED182B32EEA1
:107AC0004A2B85ED082B90ED1A2B32EE482B85EDD5
:107AD0000A2B02F035FE95ED003B95ED042B95ED5C
:107AE000085B23EE031B95ED067B95ED0A6B23EEF9
:107AF00007ABB0EE414B02EE024B02EE06AB24EEBA
:107B000005BB95ED025B05EE051B05EE4ABB02EEDB
:107B1000021B20EE010B8BEE005B22EE070B03EE47
:107B2000460B85ED0C5B80EE042BB0EE410B85ED32
:107B30000E2B02F005FE85ED100B404695ED0C1B5B
:107B400090ED040B20EE010B94ED041B20EE010BD5
:107B500090ED0E1B80EE01AB94ED120BB7EEC00B57
:107B600002F0EEFCB7EEC00A3AEE000B84ED0A0B11
:107B700094ED120BB7EEC00B02F0E2FC404695ED1F
:107B80000E2B90ED061BB7EEC00AB1EE411B00F5BF
:107B90005C71062221EE021B94ED042B21EE021BE8
:107BA00020EE010B90ED0E1B00F5087080EE012B0E
:107BB00084ED0E2B94ED080B05F02AFB86ED080BE7
:107BC00004F52871062294ED080BA1F5C07005F0AC
:107BD0001FFB86ED0A0B9FED2A3B95ED1E1B04F55E
:107BE000807081EE032B90ED021B10EE021B96EDD0
:107BF000080B21EE000B9FED391B81FE400B9FED22
:107C0000391B404600F5147181FE000B062280ED01
:107C10001C0B94ED080B00F5087005F0F9FA86EDE1
:107C20000C0B04F5C071062294ED080BA1F1600065
:107C300005F0EEFA86ED0E0B04F5D871062294EDF0
:107C4000080BA1F1900005F0E3FA86ED100B94ED1E
:107C5000041B4046B7EE00AB20EE012B90ED0E3B2F
:107C600083EE021B31EE0A1B86ED181B94ED0C3BD4
:107C700094ED0A2B11EE023B38E00000880000244E
:107C80006666666666A64C40285900247B14AE479B
:107C9000E17A843F58590024285B0024000000004A
:107CA000000000000000000000E0754014AE47E155
:107CB0007AD46F409BE61DA7E860494019E2581747
:107CC000B7D1D03FE86A2BF697DD833F7CF2B05006
:107CD0006B9AC7BFD734EF384547A2BFA83DAE0265
:107CE0008221E93FA83DAE028221E9BF96ED0E2B2D
:107CF00096ED0C1B21EE022B22EE000B20EE030B67
:107D000090ED083B02EE430B94ED002B01EE420B8D
:107D100086ED1C0B9FED54BB90ED1E1B00EE0B1B64
:107D200085ED121B9FED520B80FE410B9FED521B08
:107D300000F53871062281FE000B80ED1E0B94EDDC
:107D4000080B00F5087005F063FA86ED120B04F5D8
:107D50000471062294ED080BA1F1F00005F058FA29
:107D600086ED140B04F51071062294ED080BA1F5B5
:107D7000907005F04DFA86ED160B94ED041B40460D
:107D800020EE010B90ED0E1B81EE00CB94ED120B5B
:107D9000B7EEC00B02F0D4FBB7EEC00A40460CEEC3
:107DA00040AB86ED1AAB94ED100B94ED0E1B96EDE7
:107DB000142B96ED163B1AEE010B96ED121B21EEDD
:107DC000022B22EE033B23EE000B90ED0A3B02EE6A
:107DD000430B94ED022B01EE420B86ED1E0B90ED52
:107DE000001AB5EEC01AF1EE10FA06DD96ED001B92
:107DF00000EE0B1B86ED001B01E086ED008B96ED7F
:107E0000000B98ED1C1B002031EE402B31EE003BA7
:107E100022EE090B23EE093B85ED140B98ED1E2B8A
:107E200031EE024B31EE421B24EE092B21EE091BF1
:107E300085ED162B85ED183B85ED1A1B00F0C2FF72
:107E4000012095ED160B00F0BDFF022095ED180BFB
:107E500000F0B8FF95ED1A0B0320BDEC0A8BBDE8CE
:107E6000F04100F0AFBF000000000040E17A843F25
:107E7000B0AEED5CF0DED13FB0AEED5CF0DED1BF78
:107E8000FEE7FEE703480449028801F5187004F094
:107E90004BBC00005804002440550024032200215C
:107EA000012006F053FC094C4FF4FA720849206097
:107EB0000848FFF7D9F84FF0FF352068294606F04B
:107EC00041FFFFF7DFFFFFF74FF9F6E788040024D3
:107ED0004C530024880900242DE9F047454D044601
:107EE00089464FF0000A2868C04380070AD0414EF7
:107EF000283E306820F080603060FBF751FB074679
:107F0000B04608E00120BDE8F08700BFFBF748FB62
:107F1000C01B022867D8D8F800000001F6D42068FA
:107F200029684FF4FE0721F47C313E0241EA00301B
:107F30002860207AA389B4F804C040022D4D2D4951
:107F40005B1E227CACF1010C1035091DA0F5007000
:107F500080B2521ECCF3080C07EA034340EA0C003F
:107F6000184306EA0262104328600868626920F03C
:107F7000C000104308600A68A06922F02002024392
:107F80000A60281D0A6822F010020A6002684FF693
:107F9000F873E4699A4342EAC40202600868B9F1DE
:107FA000000F40F010020A6011D00868B9F1010F0B
:107FB00011D040F400100860D8F80000444640F0AA
:107FC0008060C8F80000FBF7EBFA05460DE0086892
:107FD00040F40020EFE740F48010ECE7FBF7E0FA14
:107FE000401B022801D903208DE720680001F5D548
:107FF000504688E7284402582DE9F047454D04468D
:1080000089464FF0000A2868C04380070AD0414ED5
:10801000283E306820F080503060FBF7C1FA0746F8
:10802000B04608E00120BDE8F08700BFFBF7B8FAD2
:10803000C01B022867D8D8F800008000F6D420883A
:1080400029684FF4FE0721F07C713E0241EA00509E
:108050002860207AA389B4F804C040022D4D2D4930
:108060005B1E227CACF1010C1835091DA0F50070D7
:1080700080B2521ECCF3080C07EA034340EA0C001E
:10808000184306EA0262104328600868626920F417
:108090004060104308600A68A06922F4007202433D
:1080A0000A60281D0A6822F480720A6002684FF68E
:1080B000F873E4699A4342EAC40202600868B9F1BD
:1080C000000F40F480720A6011D00868B9F1010F06
:1080D00011D040F080700860D8F80000444640F0AD
:1080E0008050C8F80000FBF75BFA05460DE0086811
:1080F00040F48000EFE740F40000ECE7FBF750FAB3
:10810000401B022801D903208DE720688000F5D5A7
:10811000504688E7284402580148FDF7F3BA0000AA
:10812000F804002430B585B0044637204FF480723F
:108130000DF1080CCDE90010002369461501204619
:108140008CE82C0000F058FB372141F288322046A1
:1081500000F0DEF905B030BD30B585B00446292009
:108160004FF480720DF1080CCDE900100023694630
:10817000150120468CE82C0000F03EFB204600F064
:1081800083FA05B030BD30B50446102085B00DF13E
:10819000080C02010502CDE90010002369468CE8B5
:1081A0002C00204600F028FB102141F288322046A6
:1081B00000F0AEF905B030BD30B585B004460620FC
:1081C0004FF480720DF1080CCDE9001000236946D0
:1081D000150120468CE82C0000F00EFB062141F230
:1081E0008832204600F094F905B030BD30B585B036
:1081F0000546002469464FF480500094019402948F
:10820000CDE90340284600F0F7FA0B4A4FF4FA5044
:1082100041F288311268B2FBF0F04843401E03D2AD
:108220004FF0004005B030BD696B0906F6D5034933
:108230002046A963F6E7000014000024C5002000D2
:1082400030B50821044685B04FF4D5704A010023AB
:108250004D028DE82F006946204600F0CDFA2046F9
:1082600000F07CFA05B030BD30B585B00446122070
:108270004FF480720DF1080CCDE90010002369461F
:10828000150120468CE82C0000F0B6FA122141F2CC
:108290008832204600F03CF905B030BD30B585B0DD
:1082A000044611204FF480720DF1080CCDE9001046
:1082B00000236946150120468CE82C0000F09CFA4A
:1082C000112141F28832204600F022F905B030BD7C
:1082D00030B585B0044607204FF480720DF1080CCC
:1082E000CDE9001000236946150120468CE82C00DA
:1082F00000F082FA072141F28832204600F008F9A6
:1083000005B030BD10B585B00446002102204FF401
:108310004072C3020493CDE90010CDE90221694601
:10832000204600F069FA204600F084F905B010BD3F
:1083300030B585B0044609200DF1080C0023CDE9C5
:1083400000104FF4407269464FF4805520468CE887
:108350002C0000F051FA204600F06CF905B030BD59
:1083600010B585B00446002133204FF48072CDE96A
:108370000221CDE90010130169462046049300F064
:108380003BFA332141F28832204600F0C1F805B0B3
:1083900010BD30B585B004460D204FF480720DF14C
:1083A000080CCDE9001000236946150120468CE831
:1083B0002C0000F021FA0D2141F28832204600F015
:1083C000A7F805B030BD30B585B00C460021054694
:1083D00003204FF48072CDE90221CDE90010130192
:1083E00069462846049300F007FA032122462846EE
:1083F00000F06EF905B030BD10B585B0044600211F
:108400000D204FF48072CDE90221CDE90010130157
:1084100069462046049300F0EFF90D2141F28832BD
:10842000204600F075F805B010BD000010B585B00D
:1084300004464FF4807200200C2113018DE80700E0
:10844000CDE90303E06840F08000E060E06820F0E0
:108450004000E0606946204600F0CEF9074A0C2152
:10846000204600F055F8E168B0F1007F21F080016E
:10847000E16000D1002005B010BD000000E1F5056D
:1084800030B585B0044619204FF480720DF1080C08
:10849000CDE9001000236946150120468CE82C0028
:1084A00000F0AAF9192141F28832204600F030F894
:1084B00005B030BD30B585B0044618204FF4807249
:1084C0000DF1080CCDE90010002369461501204686
:1084D0008CE82C0000F090F9182141F288322046F7
:1084E00000F016F805B030BD70B50A6842624A68FF
:1084F0008262C46AD1E90225D1E9043624F0FF0181
:108500002A4333431A431143C162002070BD000067
:1085100030B5464D4FF4FA53434C2D68B5FBF3F399
:1085200053435B1E02D24FF0004030BD426B2242EB
:10853000F7D09204F5D4426B520703D5042181632E
:10854000084630BD426BD20702D00121816306E0AC
:10855000354A803282630269D2B28A4201D0012058
:1085600030BD002100F02AF93149084201D1002034
:1085700030BD002802DA4FF0007030BD410001D557
:10858000402030BD810001D5802030BDC10002D522
:108590004FF4807030BD010102D54FF4007030BD42
:1085A000410102D54FF4806030BDC10102D54FF4C6
:1085B000006030BD010202D54FF4805030BD410251
:1085C00002D54FF4005030BD810202D54FF48040F7
:1085D00030BDC10202D54FF4004030BD410302D589
:1085E0004FF4003030BD810302D54FF4802030BD00
:1085F000C10302D54FF4002030BD010402D54FF471
:10860000801030BD410402D54FF4001030BD81040C
:1086100002D54FF4800030BD000702D54FF40000B2
:1086200030BD4FF4803030BD4500200014000024E0
:1086300008E0FFFD124B4FF4FA5141F288321B68FB
:10864000B3FBF1F15143491E02D24FF00040704795
:10865000426B12F0450FF6D09204F4D4416B4907F7
:1086600003D50421816308467047416BC90703D0D5
:1086700001218163084670470249816300207047E9
:1086800014000024C50020000F4B4FF4FA5141F2B2
:1086900088321B68B3FBF1F15143491E02D24FF0FF
:1086A00000407047426B12F0450FF6D09204F4D4AC
:1086B000416B490703D5042181630846704703498C
:1086C000816300207047000014000024C5002000D2
:1086D00030B5204D4FF4FA5341F288342D68B5FB84
:1086E000F3F363435B1E02D24FF0004030BD446B96
:1086F00014F0450FF6D0A404F4D4436B5B0703D504
:1087000004218163084630BD436BDB0702D00121A1
:10871000816303E00369DBB28B4201D0012030BDED
:108720000D498163002100F049F810F4604F04D036
:10873000410406D54FF4005030BD000C10800020DD
:1087400030BD000402D54FF4805030BD4FF480306E
:1087500030BD000014000024C5002000144B4FF46D
:10876000FA5141F288321B68B3FBF1F15143491EC3
:1087700002D24FF000407047426B12F0450FF6D026
:108780009204F4D4416B490703D504218163084660
:108790007047416BC90703D00121816308467047C8
:1087A000416B490601D540218163002070470000DC
:1087B00014000024006800F003007047084440697A
:1087C0007047000030B511434268DDE903542B4384
:1087D000034D194321432A400A434260002030BD23
:1087E000002CC0FF016841F00301016000207047C8
:1087F000D0F880007047000070B5084D0A688260AC
:10880000C368D1E90126D1E903412B4032430C432F
:1088100022431343C360002070BD0000C0E0FEFF90
:108820000968C0F8801000207047000010B5064CA1
:1088300001202070F8F7A4FF18B9207820F001007B
:108840002070207810BD00001C00002470B5054683
:1088500004F073FE044604F070FE001BA84207D229
:10886000F8F78EFF38B104F068FE001BA842F7D37A
:108870004FF0FF3070BD002070BD00002DE9F04FBB
:1088800087B00D460446FAF78BFE00260690206856
:108890000821B3463746FFF776FC002833D1B4F8F9
:1088A000441020680904FFF73DFC00282BD1431E2B
:1088B0004FF008094FF0020A4FF0300C4FF001085A
:1088C000CDF80CA08DE80812CDE90468206869464F
:1088D000FFF70AFE2068FFF743FD002813D140F29E
:1088E0002A582068416B11EA080F06D1416B090331
:1088F00015D4BBF1000F09D011E0416B090717D562
:10890000C0F83890082007B0BDE8F08FFFF770FF7F
:1089100006462068FFF76CFF07464FF0010BFAF799
:108920003FFE0699401A401CDBD14FF00040EAE7B9
:10893000416B890703D5C0F838A00220E3E7416BFB
:10894000890603D5202181630846DCE7034A39BA4A
:1089500033BA82630020C5E90013D4E73A0F001848
:1089600070B58CB004460020ADF82C00FAF718FE64
:1089700005462068FFF71EFF002853D0A06B032890
:1089800041D02068FFF7BEFC002849D120680021B3
:10899000FFF714FFE06604212068FFF70FFF206750
:1089A00008212068FFF70AFF60670C212068FFF7A5
:1089B00005FFA16BA067032925D041F2883600BFCF
:1089C000BDF82C0088B3A06B03281CD0BDF82C1078
:1089D000616420680904FFF7ABFC002820D12068FF
:1089E0000021FFF7EBFEE06504212068FFF7E6FEBB
:1089F000206608212068FFF7E1FE60660C212068F0
:108A0000FFF7DCFEA06604212068FFF7D7FE000D0B
:108A1000694620642046FCF709FDA8B14FF080505C
:108A20000CB070BD4FF08060FAE7FFE720680BA93B
:108A3000FFF7C9FC0028F3D1FAF7B2FD401BB042A2
:108A4000BED34FF00040EBE7B4F8441020680904AF
:108A5000FFF73EFCE4E700002DE9F84F002604464E
:108A60003546B04600960068FFF7C0FB002829D1C4
:108A70002068FFF7E5FBB0F1004F4FF001094FF020
:108A8000805B4FF6FF7702D0C4F83C9008E0E663C5
:108A90002068FFF7ABFB002814D1E06B01281ED142
:108AA00020680021FFF73EFB58B918E0206800213C
:108AB000FFF738FB002805D120685146FFF74CFB33
:108AC00010B15846BDE8F88F20680021FFF776FE08
:108AD0004FEAD07805460098401C009002E0DFF88D
:108AE00028A00098B84202D2B8F1000FDED000985A
:108AF000B84202D34FF08070E4E76800A66301D566
:108B0000C4F838900020DDE7000010C12DE9F041E5
:108B100086B00D460446FAF743FD0021074620685B
:108B2000FFF74CFE800104D54FF4006006B0BDE8AD
:108B3000F08120684021FFF726FBC0B9B4F844104B
:108B400020680904FFF7EEFA88B940214FF0FF30A2
:108B500060224FF0010C022300268DE84F102068A0
:108B60006946FFF7C1FC2068FFF746FC98B1616BCE
:108B70006163DBE7406B000407D500262068FFF740
:108B800037FE761C082E01C5F8D3FAF709FDC01B85
:108B9000401C02D127E04FF000482068416B11F4DF
:108BA000957FE7D0416B090701D50820BEE7416BEF
:108BB000890701D50220B9E7406B80060AD520203D
:108BC000B4E700BFFFF714FE01C5FAF7E9FCC01BCC
:108BD000401C08D02068416BC904F3D40146034807
:108BE00088630020A2E74046A0E700003A0F001883
:108BF00030B585B00546144C0120207004F094FC7B
:108C0000F8B1F8F7C9FD18B92846FFF70FFE207034
:108C10002078012815D0606868B90C4883684268DC
:108C20000168C06802930192009103900021684698
:108C300004F08FFC6060606818B9207840F0010093
:108C40002070207805B030BD1C00002440F40008DE
:108C500010B58AB014461748007810F0010F02D002
:108C60000AB0032010BD41B1012909D002290FD05B
:108C7000032915D004200AB010BD00200AB010BD91
:108C800001A8F8F777FD0798206000200AB010BD12
:108C900001A8F8F76FFD0898208000200AB010BDE9
:108CA00001A8F8F767FD0898400A206000200AB084
:108CB00010BD00001C000024F0B587B00C4615461E
:108CC0001F46012647F23050FFF7C0FD002802DAA8
:108CD00007B03046F0BD3A4629462046F8F780FDF9
:108CE00020BB154847F23052416801A804F046FC09
:108CF0000198039A0299069205910490049810280D
:108D000014D10598012811D104F017FC044604F091
:108D100014FC001B47F23055A84207D2F8F730FD8B
:108D200038B104F00AFC001BA842F7D307B0304664
:108D3000F0BD0026FAE700001C000024FFF776BD16
:108D4000F0B587B00C4615461F46012647F2305055
:108D5000FFF77CFD002802DA07B03046F0BD3A4646
:108D600029462046F8F752FD20BB154847F23052FD
:108D7000416801A804F002FC0198039A0299069246
:108D8000059104900498102814D10598022811D157
:108D900004F0D3FB044604F0D0FB001B47F230552F
:108DA000A84207D2F8F7ECFC38B104F0C6FB001B70
:108DB000A842F7D307B03046F0BD0026FAE700001E
:108DC0001C000024574B0021574A10B59FED573B1C
:108DD0009FED582B1B6808281268B1EE401B17D274
:108DE000DFE800F004172B3E5265798C081E01D095
:108DF000B0EE410B01EE100A00EE032BB8EEC10BF2
:108E000032EE000BBDEEC00B10EE100A00B258633C
:108E100010BD080A01D0B0EE410B081400EE032B80
:108E200000EE100AB8EEC00B32EE000BBDEEC00B28
:108E300010EE100A00B2986310BD080C01D0B0EE1D
:108E4000410B01EE101A00EE032BB8EEC10B32EE0F
:108E5000000BBDEEC00B10EE100A00B2D86310BDBF
:108E6000080E01D0B0EE410B081400EE032B00EE0B
:108E7000100AB8EEC00B32EE000BBDEEC00B10EEC8
:108E8000100A00B2186410BD081E01D0B0EE410BEC
:108E900001EE100A00EE032BB8EEC10B32EE000B10
:108EA000BDEEC00B10EE100A00B2506310BD080AF0
:108EB00001D0B0EE410B081400EE032B00EE100AB7
:108EC000B8EEC00B32EE000BBDEEC00B10EE100A78
:108ED00000B2906310BD080C01D0B0EE410B01EE62
:108EE000101A00EE032BB8EEC10B32EE000BBDEEF4
:108EF000C00B10EE100A00B2D06310BD080E01D0F6
:108F0000B0EE410B081400EE032B00EE100AB8EE91
:108F1000C00B32EE000BBDEEC00B10EE100A00B21B
:108F2000106410BD740500240C0600243333333361
:108F3000333326400000000000709740012004F009
:108F4000E5FAFBE710B5502080F31188BFF34F8F8F
:108F5000BFF36F8F06F07AF818B104494FF08050D4
:108F60000860002080F3118810BD000004ED00E0CF
:108F700070B59CB04C216846F7F757FC202113A828
:108F8000F7F753FC0220FAF729FC21490024214875
:108F90000A6822F001020A600968016841F4404150
:108FA0000160016801F440411B9101688904FCD50E
:108FB000022009900121C20364230425CDE9001297
:108FC0000AAA0C2682E80B00CDE90D05CDE9106454
:108FD0000F9068461294FBF79DFE08B172B6FEE74B
:108FE00040201A9008230501CDE9163013ABCDE9D6
:108FF00018053F21032283E81600022113A8FBF77E
:109000004BFC002801D072B6FEE71CB070BD00001A
:109010002C040058184802583348F0B5334A016808
:1090200041F470010160106800F00F00072804D2BD
:10903000106820F00F00C01D10602D4900202C4C3E
:1090400010340B682B4D43F001030B6020600B685C
:109050002B400B60136803F00F03072B04D9136830
:1090600023F00F03DB1D1360214C234A1834234BDC
:10907000261D371D20601E4C214D28343060261DD2
:109080003860371D23603B1D35601C1D3A60251D6F
:109090002E1D1860331D22602860326018600A6837
:1090A000134B184C22F4802260330A601860206849
:1090B0006FF30F00B0F1005F03D213490120C1F834
:1090C00008010B48D4300168C9040BD4026843F28C
:1090D000D2010E4B42F4805202601960016821F403
:1090E00080510160F0BD000088ED00E000200052DA
:1090F000004402587FEDF6EA8002010100020202FC
:109100000000FF010010005C008000510040005290
:1091100038B519490122194802F01AFF184C20707D
:10912000B8B10D2800D0FEE74FF400700090154B49
:1091300000221148022102F0F9FB002820701AD108
:109140000D4901220D4802F003FF0028207012D0C3
:10915000FEE70D48007800280DD10F4832220BA100
:1091600002F042FF0C480DA103F050F8BDE8384072
:10917000094802F0C1BB38BD25000024940F00242B
:10918000EC040024186400242400002454462074B5
:109190006573742E74787400CC11002454462077C3
:1091A000726974652074657374210A00FFF7B0FF5B
:1091B000002005F089F900BF05F03AFFFCE7000048
:1091C0000148FCF77CBF0000480F00240148FCF771
:1091D00076BF0000C00500240148FCF770BF000006
:1091E000580600242DE9F047294B4FF0804A294DBD
:1091F00002689842284E294F294C09D0504507D083
:10920000A84205D0B04203D0B84201D0A04205D157
:10921000D1F804C022F070024CEA0202DFF884C0E8
:10922000DFF884809842DFF884900FD050450DD04D
:10923000A8420BD0B04209D0B84207D0A04205D016
:10924000604503D0404501D0484503D1CD6822F4A4
:1092500040722A438E684D6922F08002C6620E6811
:109260002A439842866207D0A04205D0604503D0C9
:10927000404501D0484501D10969016303680121D6
:1092800043F00403036041610260BDE8F087000021
:10929000000001400004004000080040000C0040B5
:1092A00000040140004001400044014000480140EA
:1092B00010B5046A012301F01F018B409C43046236
:1092C0008A40016A1143016210BD42EA03228368A9
:1092D0000A4323F47F410A4382607047034B82684C
:1092E0001A400A4342F00701816070478FFFCFFFA9
:1092F0002DE9F04FDFF88480214EDFF88890DFF809
:1093000088B0026A036AB042DFF880A022F0020C43
:109310001F4F23F001020262426885698B680C6866
:1093200005EA080525F0030543EA0C0344EA0504B1
:1093300007D0484505D0584503D0504501D0B84224
:1093400005D1CD6823F008031D4325F00403B04286
:1093500007D0484505D0584503D0504501D0B84204
:1093600005D122F44076D1E9055235432A434260C3
:109370008461496841630362BDE8F08F8FFFFEFF9F
:109380000000014000040140004001400044014051
:1093900000480140F0B5DFF87CE01F4C1F4D026A29
:1093A000036AA04222F0200623F010030362426801
:1093B0008369D1F808C00F6803EA0E0323F4407EE6
:1093C00046EA0C134EEA072601D0A84206D1CF6820
:1093D00023F0800343EA071323F04003A0420AD09E
:1093E000A84208D00E4CA04205D00E4CA04202D09C
:1093F0000D4CA04207D1D1E9054522F4406242EA72
:10940000840242EA850242608661496881630362A0
:10941000F0BD0000FF8FFFFE00000140000401408E
:10942000004001400044014000480140F0B5DFF831
:109430007CE01F4D1F4E026A036AA84222F40077A7
:1094400023F4807303624368C269D1F808C002EA5A
:109450000E020C6822F0030E47EA0C2244EA0E04C6
:1094600001D0B04206D1CF6822F4006242EA07225E
:1094700022F48062A8420AD0B04208D00E4DA84221
:1094800005D00E4DA84202D00D4DA84207D1D1E91A
:10949000055623F4405343EA051343EA0613436099
:1094A000C4614968C1630262F0BD00008FFFFEFF26
:1094B0000000014000040140004001400044014020
:1094C00000480140F0B5046A026A22F48052026248
:1094D0004268C36924F40054DFF848C08E680D6800
:1094E00003EA0C03104F23F4407344EA0634B842F5
:1094F00043EA05230BD00D4DA84208D00C4DA842DD
:1095000005D00C4DA84202D00B4DA84204D14D69A4
:1095100022F4804242EA85124260C36149680164D4
:109520000462F0BDFF8FFFFE000001400004014017
:10953000004001400044014000480140F0B5164F92
:10954000164B026A046A984222F4003524F48033F0
:1095500003624268436D0E890C6803EA070344EA1C
:10956000030445EA06430BD00D4DA84208D00D4D2B
:10957000A84205D00C4DA84202D00C4DA84204D1FF
:109580004D6922F4803242EA05224260446549680E
:1095900081650362F0BD00008FFFFEFF0000014007
:1095A00000040140004001400044014000480140E7
:1095B000F0B5164F164B026A046A984224F48013E1
:1095C000036222F400144268436D0E890D6803EAB9
:1095D000070344EA065443EA05230BD00D4DA84285
:1095E00008D00D4DA84205D00C4DA84202D00C4D1C
:1095F000A84204D14D6922F4802242EA85224260C9
:1096000043654968C1650462F0BD0000FF8FFFFE3D
:1096100000000140000401400040014000440140BE
:109620000048014010B5036A046A23F00A0324F0DD
:109630000104046284690B4324F0F00141EA021141
:109640008161036210BD10B5036A046A23F0A003B0
:1096500024F010040462846943EA011124F4704385
:1096600043EA02328261016210BD00007CB5384CD1
:109670000123202204F128016068CDE90001394866
:1096800034A105F061FC0128606200D0FEE730499A
:109690000123A06830315D022A46CDE90001364839
:1096A00031A105F051FC0128E06200D0FEE7284915
:1096B0000123E0682A463831CDE9000132482FA164
:1096C00005F042FC0128606300D0FEE72049012339
:1096D000606948311D022A46CDE900012F482BA1BF
:1096E00005F032FC0128606400D0FEE71849012330
:1096F000A0692A465031CDE900012E4828A105F085
:1097000023FC0128E06400D0FEE711490123E06951
:109710002A465831CDE900012B4827A105F014FC59
:109720000128606500D0FEE70949012320692A4627
:109730004031CDE900012A4824A105F005FC0128AB
:10974000E06300D0FEE7BDE87C4004F079BE000095
:10975000900400244C45445477696E6B5461736BDC
:10976000000000004D7100084E6176696761746900
:109770006F6E5461736B00009D7E0008436F6E74C2
:10978000726F6C5461736B00A118000854465374D7
:109790006F726167655461736B000000AD910008E2
:1097A00054656C656D6574727953656E645461734C
:1097B0006B000000159900084578746653656E6467
:1097C0005461736B00000000951F000854696D65BB
:1097D00072436865636B65725461736B00000000CF
:1097E0002199000800B53F48A9B0474990ED000A0B
:1097F0003D48B7EEC00A8DED260B90ED000B3B48BF
:109800008DED240B90ED000B39488DED220B90ED82
:10981000000B38488DED200B90ED000B36488DED98
:109820001E0B90ED000B35488DED1C0B90ED0C0AD6
:10983000B7EEC00A8DED1A0B90ED0D0AB7EEC00A17
:109840008DED180B90ED0E0AB7EEC00A8DED160BDC
:1098500090ED060B8DED140B90ED080B8DED120BBA
:1098600090ED0A0B26488DED100B90ED040B8DED5D
:109870000E0B90ED000B8DED0C0B90ED020B2148C3
:109880008DED0A0B90ED050AB7EEC00A8DED080BC1
:1098900090ED040AB7EEC00A8DED060B90ED030AB9
:1098A000B7EEC00A8DED040B90ED020AB7EEC00AC8
:1098B0008DED020B90ED010AB7EEC00A8DED000BA5
:1098C00090ED000A1148B7EEC00A53EC102BF6F7E2
:1098D0005BFE29B00D490E484FF4FA625DF804EBC7
:1098E000FDF7E8BB88000024C8010024B80100246B
:1098F0000001002408010024F80000245859002425
:109900008057002428590024A0010108485C002445
:10991000CC070024FFF766FF142004F0EDFCF9E704
:109920002DED028B0026DFF85090154FDFF85480A4
:10993000154C9FED128A20214846F9F719FE05467D
:10994000F7F7A0FF2078012811D185B994ED080A16
:10995000B5EEC00AF1EE10FA09D087ED008AD8F80A
:10996000000046620748FCF7E5FA84ED088A0A2001
:10997000257004F0C1FCDEE700040258000000007E
:10998000880000245806002490040024174810B5CD
:10999000FCF752FF15480068C169C943C90623D4C2
:1099A000102101621148FCF7EFFE114919221148FC
:1099B000F6F79AFE0E481921F6F715FF0C49192201
:1099C0000A48FDF751FB0D480B49006805F077F890
:1099D00009480068002807D009494FF08050086006
:1099E000BFF34F8FBFF36F8F10BD0000A40600249C
:1099F0001866002432660024F4040024F0040024D5
:109A000004ED00E00148FCF717BF00003807002410
:109A10000148FCF711BF0000CC07002430B5416EAF
:109A2000B9B101680D4B03F108048A688968C2F373
:109A30004262490F5D5C615C2D01B5FBF1F1A0F85C
:109A40006A10995CA25C0901B1FBF2F1A0F8681000
:109A500030BD0121A0F86A10F8E700000CF40008FE
:109A600090F82810090706D50168836B4A6822F42C
:109A700000421A434A6090F82810C90706D00168CE
:109A8000C36A4A6822F400321A434A6090F82810E8
:109A9000890706D50168036B4A6822F480321A43AD
:109AA0004A6090F82810490706D50168436B4A6858
:109AB00022F480221A434A6090F82810C90606D57D
:109AC0000168C36B8A6822F480521A438A6090F856
:109AD0002810890606D50168036C8A6822F40052B2
:109AE0001A438A6090F82810490611D50168436C22
:109AF0004A6822F480121A434A60416CB1F5801F13
:109B000006D10168836C4A6822F4C0021A434A6095
:109B100090F82810090606D50168C26C486820F440
:109B200000201043486070472DE9F84300250446A3
:109B3000C0F89050F9F734FD8046206820266FF079
:109B40007E470068000713D50022434631042046B3
:109B5000009700F04FFB58B1216851E8000F20F04A
:109B6000800041E80002002AF6D1C4F8886021E0B4
:109B700020680068400722D5002243464FF4800148
:109B80002046009700F036FBC8B1206850E8001F5F
:109B900021F4907140E80012002AF6D120680830C4
:109BA00050E8001F21F0010140E80012002AF5D121
:109BB000C4F88C60032084F88450BDE8F883C4F8AE
:109BC0008860C4F88C60E5662567002084F88450BE
:109BD000F3E710B5806B0021A0F85E10FCF72AFEB9
:109BE00010BD70B5846B00252168D4F88800D4F8C6
:109BF0008C608968090606D5212804D1A4F856503E
:109C0000204600F0B5F820688068400606D5222E70
:109C100004D1A4F85E50204600F080F8D4F89000FB
:109C200040F01000C4F890002046FCF703FE70BD21
:109C300010B5C1690022806BB1F5807F2DD0A0F8EE
:109C40005E20036853E8001F21F4807143E800148C
:109C5000002CF6D10168083151E8003F23F00103E0
:109C600041E80034002CF5D10168083151E8003F8B
:109C700023F0400341E80034002CF5D12021C0F846
:109C80008C10C16E012908D1016851E8003F23F012
:109C9000100341E80034002CF6D10267C16E01299F
:109CA00002D0FDF705FA10BDB0F85C10FCF71BFD03
:109CB00010BD10B5806B01210167C16E012902D072
:109CC000FDF7F7F910BDB0F85C104908FCF70BFD83
:109CD00010BD10B5C169806BB1F5807F16D0002131
:109CE000A0F856100168083151E8002F22F08002D8
:109CF00041E80023002BF5D1026852E8001F41F033
:109D0000400142E80013002BF6D110BDFDF71AFA0E
:109D100010BD10B5806BFDF716FA10BD10B50268C6
:109D200052E8001F21F4907142E80013002BF6D195
:109D30000E4B0268083252E8001F194042E8001436
:109D4000002CF6D1C16E012908D1026852E8001F2B
:109D500021F0100142E80013002BF6D1002120224F
:109D6000C0F88C20C166416710BD0000FEFFFFEF08
:109D7000026852E8001F21F0C00142E80013002BE6
:109D8000F6D10168083151E8002F22F4000241E8C1
:109D90000023002BF5D12021C0F888107047000067
:109DA0002DE9F04304468068D84E87B0D84B21682F
:109DB000D4E90427D4F81CC010430A68002547EAF8
:109DC0000C073843324002430A602068E268416869
:109DD00021F44051114341602268A1699A4201D0A7
:109DE000206A01439768DFF82CC3CB4ECB4807EAC3
:109DF0000C070F4397602168676ACA6A22F00F0256
:109E00003A43CA622268B2420ED1006800F03800BC
:109E1000182873D047DCB8B3082879D010286FD140
:109E200078E028287ED17BE0BD498A4209D10068CC
:109E300000F00700062875D2DFE800F0546A6C6E67
:109E40007072B8498A4209D1006800F007000628FC
:109E500068D2DFE800F0475D5F616365B2498A421E
:109E600009D1006800F0070006285BD2DFE800F0A7
:109E70003A5052545658AD498A420BD1006800F00E
:109E8000070006284ED200E010E0DFE800F02B418A
:109E900043454749A6498A420AD1006800F0380084
:109EA000182839D0B7DD2028BBD13CE001203AE0AA
:109EB000A0498A4209D1006800F00700062831D283
:109EC000DFE800F01026282A2C2E9B498A420BD16D
:109ED000006800F00700062824D2DFE800F003192C
:109EE0001B1D1F2100201EE09A421BD18B48001D24
:109EF000006800F00700062814D202E00CE007E03A
:109F000010E0DFE800F0030507090B0D02200AE06E
:109F1000042008E0082006E0102004E0202002E0F1
:109F2000402000E080208549DFF814829A42854A6B
:109F30004FF400434FEA21174FF000064ED110288E
:109F40001AD006DC022809D004280BD008287CD1BE
:109F50000DE020283ED0402877D13DE0F9F768FC9D
:109F6000014610E06846F9F719FD01990BE003A8D6
:109F7000F9F7B6FD049906E01068800605D510686B
:109F8000C0F3C100C140002970D0606A676838F82A
:109F9000102007EB4703B1FBF2F0834255D8B0EB3A
:109FA000073F52D8002308461946F6F775FA0246CD
:109FB0007808130E120243EA012110183A46714143
:109FC0000023F6F769FA604AA0F5407191423CD847
:109FD00021688FE03946D8E71946D6E7D4F81CC087
:109FE0004FF6EF799C4546D1082819D005DC58B1C9
:109FF00001280CD0042875D10DE0102815D0202898
:10A0000035D040286ED134E0FAF7C4FD01E0FAF70C
:10A01000D3FD014610E06846F9F7C0FC01990BE05A
:10A0200003A8F9F75DFD049906E01068800604D5E1
:10A030001068C0F3C100C140C1B1636A606838F8FC
:10A040001330B1FBF3F1490000E04BE001EB5001AC
:10A05000B1FBF0F0A0F11001494543D84FF6F07381
:10A060002168C0F342021840104343E043E0394600
:10A07000E3E71946E1E7082819D005DC58B10128C3
:10A080000CD004282ED10DE0102815D020282BD07C
:10A09000402827D12AE0FAF77DFD01E0FAF78CFD90
:10A0A000014610E06846F9F779FC01990BE003A836
:10A0B000F9F716FD049906E01068800604D51068CB
:10A0C000C0F3C100C140B1B1636A606838F81330B1
:10A0D000B1FBF3F101EB5001B1FBF0F0A0F1100185
:10A0E000494505D9012506E03946EDE71946EBE774
:10A0F000216880B2C8600120A4F86A00A4F8680052
:10A1000028466667A66707B0BDE8F083F369FFCF0E
:10A11000000C0058FFF4FF11001001405444025895
:10A120000044004000480040004C00400050004007
:10A130000014014000780040007C00400090D003F3
:10A14000F4F3000800440258FFFC0F0070B5044609
:10A15000D0F8800000232225A165A4F85C20C4F873
:10A160009030C4F88C50F0B11F49C163D4F880100E
:10A170001E480864D4F880101D48C864D4F88000D4
:10A1800003651346A56D2168D4F880002A46243162
:10A19000F8F778FF38B11021C4F890102020C4F8E7
:10A1A0008C00012070BD206940B1216851E8000F8A
:10A1B00040F4807041E80002002AF6D1206808309F
:10A1C00050E8001F41F0010140E80012002AF5D1DB
:10A1D0002068083050E8001F41F0400140E80012BC
:10A1E000002AF5D1002070BD319C0008B39C000806
:10A1F000E39B00082DE9F047994617460D460446B3
:10A20000089E4FF0000833E0701C31D0F9F7C8F910
:10A21000A0EB0900B04218D8BEB120680168490718
:10A2200026D5802D24D0402D22D0C169C9430907ED
:10A230000DD4082505622046FFF770FDC4F8905044
:10A24000012084F88480BDE8F0870320FBE7C06923
:10A25000C04300050CD421684FF40060086220461A
:10A26000FFF75CFD2021C4F8901084F88480ECE7AF
:10A270002068C06935EA000004D00020B842C3D08D
:10A280000020E0E70120F9E70148FCF7D5BA00001B
:10A29000F40800240148FCF7CFBA00008809002424
:10A2A000FEE703B401984100009850EAC12018BFAE
:10A2B00004204A0D18BF40F0010040F2FF72B2EBDB
:10A2C000515F08BF40F00200012808BF052002B01E
:10A2D00070474100080218BF04200A0E18BF40F062
:10A2E00001004FF07F4232EA010108BF40F0020056
:10A2F000012808BF05207047090700284FEA1161AF
:10A3000004DB00F1E02080F80014704700F00F003B
:10A3100000F1E02080F8141D7047000010B54FF0E8
:10A320000E412DED028BB0EE408A18EE100A01EBC3
:10A330004001B1F1145F5CD24FF0FE41B1EB400F30
:10A3400024BF9FED400AF0EE400A12D210F0004FF9
:10A3500019BFDFED3D0A9FED3D0ADFED3D0A9FEDA0
:10A360003D0ADFED3D1A81EE881AB0EE418A18EE03
:10A37000100A4FF0FC41B1EB400F1BD210F0004F20
:10A38000DFED361A9FED362A1DBF9FED361A70EEAF
:10A39000E10A30EE420A9FED341A04BF70EEA10AC2
:10A3A00030EE020A38EE412ADFED301A48EE011A8B
:10A3B00082EE218ADFED2E1A9FED2E2A28EE081A52
:10A3C00001EE212ADFED2C1A41EE021A9FED2B2A15
:10A3D00001EE212ADFED2A1A41EE021A28EE011AB7
:10A3E00001EE210A30EE080ABDEC028B30EE200AA5
:10A3F00010BD4FF0E441B1EB400F0CD918EE100A3C
:10A40000FFF767FF042808BF00F076FCB0EE480AAB
:10A41000BDEC028B10BD4FF07F41B1EB400F07D276
:10A42000B0EE480ABDEC028BBDE8104000F058BC0D
:10A4300010F0004F14BF9FED130A9FED130ABDECFF
:10A44000028B10BD000000000000C9BF22AAFDB9A8
:10A450000000C93F22AAFD39000080BF0060ED3E28
:10A46000C30ACE37000000BF0000003F0000803F5D
:10A470002DAD65BD8FB8D53D0FB511BE61C84C3E41
:10A48000A8AAAABEDB0FC9BFDB0FC93F00000000AE
:10A4900010B529499FED261B2DED020B84B00598C0
:10A4A00020F000408842D8BF9DED040B2DDD2349EC
:10A4B000884209D1049840B94FF00100F6F7E4F959
:10A4C00000F0F6FB06B010BD05DB9DED040B30EE91
:10A4D000000B06B010BD68469DED040B00F064F95A
:10A4E00010F0030004BF9DED021B9DED000B0CD08E
:10A4F00001280ED09DED021B9DED000B022810D00F
:10A50000012000F081FB06B010BD00F0D5FA06B0C6
:10A5100010BD9DED021B9DED000B012000F074FBB2
:10A5200001E000F0C9FA06B0B1EE400B10BD00002A
:10A530000000000000000000FB21E93F0000F07F68
:10A5400010EE101A08B5434A6846B2EB410F26D9FF
:10A550004FF0E640B0EB410F94BF00204FF0FF30CA
:10A5600000900098DFED3C0A002860DB10F0010F3E
:10A5700046D060EE000ADFED391A9FED391A10F06F
:10A58000020F00EEE11ADFED371A40EE811A21EEDC
:10A59000A01AF0EE400A40EE010A2ED041E0324B04
:10A5A00021F0004293423FD911F0004FDFED2F0A16
:10A5B00020EE201ADFED2E0A19BF31EE601A71EE7F
:10A5C000200A31EE201A71EE600ABDEEE01A11EE9B
:10A5D000100A9FED281A00F0030000EEC10A9FED5B
:10A5E000261A009000EEC10A9FED241A00EEC10A5F
:10A5F0009FED231A00EEC10AB3E7F1EE600A10E006
:10A6000020EE000A9FED1F1ADFED1F1A10F0020F57
:10A6100040EE011A9FED1D1A00EE211A40EE010ACC
:10A62000EBD1B0EE600A08BD00F06EFB99E710EECA
:10A63000100A4000B0F17F4FF3D307D14FF0010073
:10A64000F6F722F9BDE8084000F04EBBBDE808402F
:10A6500000F046BBB61F927E0000803F336D4C3940
:10A66000DA82083CA0AA2ABE490E494683F9223F55
:10A670000000004B0000C93F00A0FD390020A233BC
:10A680001A61342CB93AB2BACA9F2A3DDDFFFFBE27
:10A6900010B529499FED261B2DED020B84B00598BE
:10A6A00020F000408842DCBF00209DED040B2EDD31
:10A6B0002249884209D1049840B94FF00100F6F7C9
:10A6C000E3F800F0F5FA06B010BD05DB9DED040BD4
:10A6D00030EE000B06B010BD68469DED040B00F097
:10A6E00063F810F003000DD0012814D09DED021B7B
:10A6F0009DED000B022816D000F0DEF906B0B1EE99
:10A70000400B10BD9DED021B9DED000B012000F0E4
:10A710007BFA06B010BD9DED021B9DED000B00F015
:10A72000CBF906B010BD012000F06EFAE6E700009C
:10A730000000000000000000FB21E93F0000F07F66
:10A7400000B52DED028BB1EEC08B83B018EE100A70
:10A7500018EE901A8DED008B002818BF01200843D9
:10A7600020F00040C0F17F6000F1E040C00F14D045
:10A7700010EE101A10EE900A8DED000B002918BF94
:10A780000121084320F00040C0F17F6000F1E0406B
:10A79000C00F04BF0120F6F777F8B0EE480B03B006
:10A7A000BDEC028B00BD00002DE9F14F04462DEDFC
:10A7B000020B2DED048B94B09FED9D0B80ED020BF1
:10A7C000199E9D4826F0004585420ADC9DED180B38
:10A7D000002084ED000B14B0BDEC048B03B0BDE889
:10A7E000F08F96489FED969B9FED978BA84225DDB5
:10A7F00097489FED991B9FED9A2B9DED180B002E0E
:10A800000DDD30EE490B854212BF30EE480B30EEC5
:10A81000410B30EE420B84ED000B0120DBE730EE04
:10A82000090B854212BF30EE080B30EE010B30EE03
:10A83000020B84ED000B4FF0FF30CCE78A48A842B2
:10A8400053DB9DED180B51EC100B01F061FF41EC57
:10A85000100BB0EE401B9FED862B9FED870B290D53
:10A86000DFF81CC201EE020B0120FDEEC00B10EE62
:10A87000903A00EE903AB8EEE02BB0EE410B02EECB
:10A88000490B22EE081BFC44032830EE411B84EDEB
:10A89000001B1DD011EE902A00EB4015113DC2F3B4
:10A8A0000A528A1A954213DA0CEB0012B0EE403BC2
:10A8B00092ED000B401C20EE021B33EE410B33EEF9
:10A8C000403B33EE411B92ED023B12EE031BDBE7F4
:10A8D000002EA8BF1846BFF67EAF94ED000B58427D
:10A8E000B1EE400B84ED000B75E7C6F3130040F4A6
:10A8F000801EC6F30A50A0F2F530471100F01F0584
:10A90000C5F12000DDF860B0139000200890099098
:10A9100005200DF1080C5B49002D07EB000279447E
:10A9200008BF51F8221009D051F8223001EB820102
:10A93000AB404A68139922FA01F11943A1FB0E2694
:10A94000A1FB0B131A449A4234BF0123002303EBEB
:10A9500006080CEB8003D3E901A60E448E4234BFF7
:10A960000121002192448A4411B1924502D903E0A9
:10A97000924501D2012100E00021C3E901A6414432
:10A980004CF82010011EA0F10100C4DC04989DEDDC
:10A99000050A00F10050810F04989FED3B4B8000A9
:10A9A00001EE100ADDED060A9DED072AB8EEC13B67
:10A9B000B8EE401BB8EE600BB8EE422B002021EE43
:10A9C000041B9FED334B20EE040B9FED334B22EE27
:10A9D000042B30EE024B34EE014B34EE034B8DED85
:10A9E000004B00909DED004B199834EE433B10F066
:10A9F000004F33EE411B31EE400B32EE401B9DED1C
:10AA0000000B9FED272B20EE020B9FED272B01EE75
:10AA1000020B9DED001B9FED262B01EE020B1CBFD0
:10AA20004942B1EE400B84ED000B0846D3E600002E
:10AA30000000000000000000FB21E93F7CD902403B
:10AA400000004054FB21F93F3163621A61B4D03DEC
:10AA5000FB21F93F000000000000601A61B4D03D06
:10AA60007370032E8A19A33BFB21394100000000BB
:10AA700083C8C96D305FE43F000000000000E03F84
:10AA800066570000FE560000000000000000103E67
:10AA9000000000000000103C000000000000103A20
:10AAA0003326A611460B113C182D4454FB21F93DC9
:10AAB00000000054FB21F93D10B52DED040B2DEDE8
:10AAC000068B82B0B0EE41AB09989FED299B20F038
:10AAD0000044B4F1795F0FDA9DED080BBDEEC00BB9
:10AAE00010EE100A002801BFB0EE490B02B0BDEC19
:10AAF000068B04B008BF10BD9DED080B1E48062153
:10AB000020EE008BB0EE480B784400F045F820EEC4
:10AB1000080B9DED081B1C48844228EE000B01EE3B
:10AB20004A0B9FED171B28EE011BBCBF31EE400BFB
:10AB300039EE400B16DB1548A042BCBF9FED142B2D
:10AB40008DED002B06DBA4F5001001900020009095
:10AB50009DED002B31EE421B39EE422B31EE400BC6
:10AB600032EE400B02B0BDEC068B04B010BD00000D
:10AB7000000000000000F03FB4540000000000009E
:10AB8000000000000000E03F3333D33F0000E93F06
:10AB9000000000000000D23F491E00EBC102B0EEF1
:10ABA000401B92ED000B31F006020DD0491E00EB68
:10ABB000C102B0EE403B92ED002B31F00602B0EE48
:10ABC000420B03EE010BF1D1022914D004290AD063
:10ABD000062918BF704790ED0A2B00EE012B90ED6F
:10ABE000080B02EE010B90ED062B00EE012B90ED11
:10ABF000040B02EE010B90ED022B00EE012B90ED09
:10AC0000000B02EE010B704731B504462DED040B2D
:10AC10002DED068BB0EE419B07989DED060B20F0C5
:10AC20000040B0F1795F0DDA51EC100BFFF739FB02
:10AC3000042808BF00F048F89DED060BBDEC068B1C
:10AC400005B030BD20EE008B1348052128EE00AB87
:10AC5000B0EE480B7844FFF79FFF9FED111B8CB1BE
:10AC60009FED112B29EE022B0AEE402B9DED060BDA
:10AC700018EE029B0AEE419B30EE490BBDEC068BB1
:10AC800005B030BD08EE001B9DED060B0AEE010B72
:10AC9000BDEC068B05B030BD805400000000000004
:10ACA000495555555555C5BF000000000000E03F0F
:10ACB0009FED031B81EE010B7047000000000000B8
:10ACC00000000000000000009FED030B20EE000BD1
:10ACD00070470000000000000000000000000010AD
:10ACE00030EE000A70470000DFED020A80EEA00A95
:10ACF00070470000000000009FED020A20EE000AED
:10AD000070470000000000102DE9F0014FF07F4275
:10AD1000B2EB410F9FBF4FF0FF310160BDE8F00182
:10AD200070474FF0004242EA0123C1F3C752783A1C
:10AD3000551112F01F0C434CCCF120067C44C1F39A
:10AD4000C752A2F178024FEA621204EB820254F871
:10AD5000254008BFD2E9015612D0556804FA0CF418
:10AD600025FA06F73C43976805FA0CF527FA06F82A
:10AD7000D26807FA0CFCF24045EA08054CEA0206E4
:10AD8000A4FB034CA5FB0352A6FB03631D449D4299
:10AD900034BF012600261319334416B1934202D959
:10ADA00003E0934201D2012200E00022624402F15A
:10ADB000200C9206DC0C42EA443200EE102A5B03BF
:10ADC000DFED210AF8EEC01A00EE103A4FEA9C1CA3
:10ADD00011F0004FB8EE400AC0F800C020EE201A73
:10ADE00000EE105ADFED190AB8EE400A20EE200AF4
:10ADF00071EE810A70EE800A10EE902A02F5006270
:10AE00006FF30B0200EE902A70EEE11A31EEC11AD8
:10AE1000DFED101A30EE411A9FED0D0A20EE800A88
:10AE200001EE210A9FED0C1A00EE810A04BFBDE875
:10AE3000F0017047CCF180510160BDE8F001B1EE46
:10AE4000400A704778530000000000360000802C54
:10AE500022AAFD29DB0FC92F0000C92F30380A288C
:10AE600001D20120704700207047000010B5044651
:10AE70000020E070401E6063204602F02CFB08B109
:10AE8000042010BD04F2362002F0BCF9A0F52A41DE
:10AE9000553901D0032010BD94F83800E92805D0B9
:10AEA000EB2817D194F83A00902813D104F16E00E2
:10AEB00002F09DF9084920F07F40884201D100202E
:10AEC00010BD04F18A0002F092F90449884201D1D0
:10AED000002010BD022010BD4641540046415433AD
:10AEE00000E0401C02780AB18A42FAD1007870472B
:10AEF00070B400221446194D05EB0213D3F800C0BC
:10AF0000BCF1000F0DD00668B4450BD1D3F804C0D6
:10AF10008668B44506D19B68D0F814C0634504D058
:10AF200000E00124521C022AE6D3022A01D091B982
:10AF300008E024B9022902D070BC1220704770BC0E
:10AF40000020704705EB02108089B0F5807F02D0A9
:10AF500070BC0020704770BC10207047FC130024A8
:10AF60004DF8044D0021074B8C4603EB0112146889
:10AF7000844201D1C2F800C0491C0229F5D35DF812
:10AF8000044B7047FC1300240368C06A021D480A82
:10AF90005989B0FBF1F052F8041B21B1884204D268
:10AFA00011680844704700207047401A121DF2E7EC
:10AFB000891EC269921E8A4201D800207047026B26
:10AFC000408901FB002070472DE9F05F81460F4664
:10AFD00007F11A0002F016F910B10020BDE8F09F49
:10AFE000387800F03F00401E00EB800101EBC00408
:10AFF00001260025DFF864A04FF6FF7B1AF8050054
:10B00000384402F0FFF8804696B1FF2C0BD2404640
:10B0100001F09AFD06462046641C39F8100001F044
:10B0200093FD864202D00020BDE8F09F464604E032
:10B03000D84502D00020BDE8F09F6D1C0D2DDDD35A
:10B04000387810F0400F06D02EB139F8140010B146
:10B050000020BDE8F09F0120BDE8F09FD0F400087B
:10B060002DE9F04180460F46D8F80050002F08D057
:10B070003946404601F0C8FF022809D20120BDE848
:10B08000F0816E6916B1E869B04208D8012606E081
:10B09000B0F1FF3FF3D0E9698142F0D83E46344633
:10B0A000641CE869A04205D80224022E02D20020C6
:10B0B000BDE8F0812146404601F0A6FF48B10128D5
:10B0C000F6D0B0F1FF3FF3D0B442E9D10020BDE8A3
:10B0D000F0814FF0FF322146284602F0D7FD28B913
:10B0E00027B122463946284602F0D0FD28B1012872
:10B0F00010D001242046BDE8F0816C61E969A8699F
:10B10000891E884201D8401EA861287940F00100BC
:10B110002871EFE74FF0FF34ECE700002DE9F35F13
:10B120008846D8F8007000980068D0F80C90002489
:10B13000254628466D1C385C20280FD32F2808D0C0
:10B140005C2806D0FF2C10D302B00620BDE8F09F8B
:10B150006D1C795D2F29FBD05C29F9D07919C8F8CD
:10B16000001020281BD204261AE0C0B2012101F0F1
:10B17000ADFC064656B1802E0CD265A03146FFF7D5
:10B18000AFFE38B102B00620BDE8F09F02B0062045
:10B19000BDE8F09F2046641C29F81060C9E700262E
:10B1A0004CB1601E39F81000202801D02E2802D1A1
:10B1B000641E002CF5D1002029F814003CB1009841
:10B1C0000B222021243002F080F9002704E002B095
:10B1D0000620BDE8F09F7F1C39F817002028FAD020
:10B1E0002E28F8D01FB146F0030600E0641E24B1FB
:10B1F000601E39F810002E28F8D14FF00008C24622
:10B200004FF0080B38467F1C39F8105005B3202D3D
:10B2100003D02E2D04D1A74202D046F00306F1E759
:10B22000DA4501D2A74219D1BBF10B0F0ED0A742CC
:10B2300001D046F003060BD827464FF0080A4FF01E
:10B240000B0B4FEA88604FEA1068DBE746F0030615
:10B25000009890F82400E5282FD032E0802D0BD301
:10B260000021284601F032FC05461DB12B48284438
:10B2700010F8805C46F0020625B129A02946FFF7A8
:10B280002FFE18B15F2546F003060EE0A5F1410040
:10B29000192802D848F0020807E0A5F16100192832
:10B2A00003D848F00108413085B20099504608445F
:10B2B0000AF1010A80F82450A4E70098052180F8DB
:10B2C0002410BBF1080F03D14FEA88604FEA1068E1
:10B2D0000C2030EA080003D0032030EA080001D136
:10B2E00046F0020616F0020F0BD108F00300012809
:10B2F00001D146F0100608F00C00042801D146F0F8
:10B300000806009880F82F6002B00020BDE8F09F8A
:10B31000222A3A3C3E3F7C7F0000000050F40008A7
:10B320002B2C3B3D5B5D0000401E022810D20949DA
:10B3300001EB00118889B0F5807F00D1002008B1B1
:10B34000401E80B2888108B9002008600020704744
:10B3500002207047FC1300242DE9F04105460E46FB
:10B360002F680021284600F0BDF988B90024E9695A
:10B37000384602F0B0F858B9296A0A78E52A0CD0A4
:10B380005AB100242846012100F07AF80028EED0B6
:10B39000042800D10720BDE8F081641CB442F7D036
:10B3A000F0E72DE9F0470446D4F80090002120464C
:10B3B00000F098F9002861D1FF2637464FF0FF3A98
:10B3C000C4F830A04846E16902F085F880465FEA9B
:10B3D000080052D1206A057875B1C17A01F03F01A9
:10B3E000A171E52D04D011F0080F08D00F2906D067
:10B3F000FF26C4F830A038E04FF004083DE00F29E4
:10B4000001D0FEB122E094F82F1011F0400F2CD1A2
:10B4100015F0400F05D0477B05F0BF052E4661694A
:10B420002163B5420BD1417BB94208D1D9F80C2038
:10B4300001461046FFF7C8FD08B1701E00E0FF206E
:10B44000C6B212E002F0C8FDB84216D094F82F0040
:10B4500010F0010F06D1206A0B2204F1240102F042
:10B460001FF850B1FF26C4F830A00021204600F09C
:10B4700007F880465FEA0800A4D04046BDE8F087A0
:10B480002DE9F04705460E462C68686900F1200852
:10B49000E869002802D0B8F5001F02D30420BDE8F7
:10B4A000F087C8F30801002973D1401CE861A9693D
:10B4B0004FF0000929B16089401E10EA582F09D0C9
:10B4C00067E02089B0EB581F63D8C5F81C900420B2
:10B4D000BDE8F087284601F097FD0746012F02D806
:10B4E0000220BDE8F087B7F1FF3F16D0E069B8420F
:10B4F00049D8AEB1A9692846FFF7B2FD0746380022
:10B5000013D0012F14D0B7F1FF3F14D0204602F022
:10B51000B7FD98B10120BDE8F0870120BDE8F087B4
:10B52000C5F81C900420BDE8F0870720BDE8F0872F
:10B530000220BDE8F0870120BDE8F08700214FF42C
:10B54000007204F1380001F0C0FF002639462046A1
:10B55000FFF72EFD60636089002811D94FF00109C3
:10B5600084F80390204602F08BFD10B10120BDE865
:10B57000F087761C606B401C60636089B042EFD836
:10B58000606B801B6063AF6139462046FFF710FD9A
:10B59000E861C5F81480C8F30800204438302862F8
:10B5A0000020BDE8F08700002DE9F04383B0044699
:10B5B000256894F82F0010F0A00F03D0062003B0E8
:10B5C000BDE8F0830027E86800E07F1C30F8171022
:10B5D0000029FAD10C22684604F1240101F06CFF25
:10B5E0009DF80B0010F0010F19D0402084F82F00B7
:10B5F0000126EA6804F124003346694601F0B9FCEB
:10B600002046FFF7CEFE10B9761C642EF1D3642ECF
:10B6100012D00428D3D19DF80B0084F82F009DF898
:10B620000B0010F0020F0BD02D4907F10C00A1FB0D
:10B6300000108008471C04E003B00720BDE8F08339
:10B64000012720463946FFF787FE06464FF00108DE
:10B6500036BB7F1E24D06069794200EB4111204641
:10B6600000F040F8064630001AD104F1240002F040
:10B67000B3FC8146E169284601F02DFF06467EB9FC
:10B68000216A4B46E868FAB202F082FB85F8038033
:10B6900000212046FFF7F4FE06460EB97F1EE9D1D1
:10B6A000CEB9E169284601F016FF0646300012D1F6
:10B6B000206A2022002101F008FF206A0B2204F1F9
:10B6C000240101F0F9FE216A94F82F0000F018001F
:10B6D000087385F8038003B03046BDE8F0830000AE
:10B6E0004FECC44E2DE9F04106460C463768B4F5E0
:10B6F000001F02D214F01F0F02D00220BDE8F0811B
:10B700007461B5681DB93878032800D3FD6AA5B106
:10B7100078894FEA4028444520D32946304601F035
:10B7200073FC0546B5F1FF3F11D0022D02D3F86935
:10B73000A8420FD80220BDE8F0813889B0EB541F31
:10B7400002D80220BDE8F081F86AF0610BE0012028
:10B75000BDE8F081A4EB08044445DED22946384612
:10B76000FFF726FCF061B561F06950B100EB5420A1
:10B77000F061C4F308003844383030620020BDE87E
:10B78000F0810220BDE8F08170B504460020084D2C
:10B79000295D00290AD105EB840128194968007A3E
:10B7A00009688847002801D10121295570BD000092
:10B7B0001C140024054B03EB000C03EB80009CF8E9
:10B7C00008C0406803696046184700001C14002444
:10B7D00030B4DFF818C00CEB00040CEB8000247AC6
:10B7E0004068D0F808C0204630BC60471C140024D4
:10B7F00004490A1801EB8000127A4068416810463B
:10B80000084700001C14002430B4DFF818C00CEB0B
:10B8100000040CEB8000247A4068D0F80CC020466D
:10B8200030BC60471C14002410B52DED0C0B2DED21
:10B83000108BB0EE40DBB0EE43BBB0EE44CBB0EECD
:10B8400041EB9DED208B9DED1EABB0EE480BFEF75E
:10B850001FFFB0EE409BB0EE480BFEF719FEB0EEB6
:10B86000408BB0EE4A0BFEF713FFB0EE40FBB0EE9C
:10B870004A0BFEF70DFEB0EE401B3DEE4B3B3EEE9D
:10B880004C7B9DED144B9DED1AAB28EE012B34EE55
:10B890004A4BB1EE495B29EE0F6B25EE01AB21EE71
:10B8A000075B28EE0F0B22EE032B2AEE031B0FEE95
:10B8B000435B06EE471B00EE072BB0EE450B08EE90
:10B8C000041B09EE042BBDEC108B0CB010BD000066
:10B8D0000020084900E0401C022804D201EB0012BD
:10B8E0001268002AF7D1022801D0012070470020F9
:10B8F00070470000FC13002438B50546284600F0C8
:10B90000A6FD044684B96946284602F075FE044641
:10B9100054B92869FFF708FD04460CB900202860D7
:10B920000098002102F0D7FB204638BD2DE9FF4FDB
:10B930008DB014461D461A9E0DA801F0C9FB0028C3
:10B9400003DA11B00B20BDE8F08FFE4951F820104A
:10B9500009B100220A70C0B20A900A98FFF714FFDA
:10B9600010F0010F03D011B00320BDE8F08F10F0EC
:10B97000040F03D011B00A20BDE8F08F0A9803210C
:10B9800008AAFFF717FF38B9089828B1B0F5004F9B
:10B9900002D8411E084201D0012008904FF4007BDC
:10B9A00014B1B4F5007F05D3B4F1807F02D8601ED6
:10B9B000044203D011B01320BDE8F08FB4FBFBF8B4
:10B9C000B6FBFBFA4FEA4A200990099848B10A9859
:10B9D000012103AAFFF7EEFE38B111B00120BDE846
:10B9E000F08F11B00E20BDE8F08F0E9810F0080F08
:10B9F00001D0002000E03F20059003990598814286
:10BA000003D211B00E20BDE8F08F05980A1A0392F8
:10BA1000802A03D211B00E20BDE8F08FB8F1800F5C
:10BA200003D911B01320BDE8F08F0E9810F0020F6B
:10BA300008D00E9800F00700022814D00E9810F0DD
:10BA4000010F10D00E9810F0010F0ED00226500CEE
:10BA50000C90100B0B900898431E84464446032E0E
:10BA600007D04CB335E00326F1E711B01320BDE851
:10BA7000F08F64B9DDF8309000200124B24F01E06E
:10BA8000401C640037F8101009B14945F8D9B2FBE1
:10BA9000F4F00BEB8001C91DB1FBFBF9202700215D
:10BAA00002914FF6F571884202D9A84988422AD9F5
:10BAB00011B00E20BDE8F08FDDF82C90002001249D
:10BAC000A34F01E0401C640037F8101009B149454C
:10BAD000F8D9B2FBF4F040F6F571884203D904219D
:10BAE00001EB400006E0012600EB4000411C032072
:10BAF00000EB51005844401EB0FBFBF90127B8038E
:10BB0000B0FBFBF00290059838440490049800EBD9
:10BB100009010298084400EB0C01491E9943091AD7
:10BB2000032E0AD0894400EB04110598081A9042AC
:10BB300009D911B00E20BDE8F08F0F44DDF810E0F8
:10BB400071440491EFE7D01BA0EB09010298081A99
:10BB5000B0FBF4F00790032E0FD107984FF6F57164
:10BB600088420AD8B8F1000F03D15FEA54087FF485
:10BB700075AF11B00E20BDE8F08F022E33D10798BB
:10BB80004FF6F57188421CD9B8F1000F06D140205C
:10BB9000B0EB440F02D34FEA44085FE70E9810F071
:10BBA000020F01D0032659E7B8F1000F05D14FEA83
:10BBB0004408B8F1800F7FF651AF11B00E20BDE8F8
:10BBC000F08F079840F6F57188420CD8B8F1000F55
:10BBD00005D14FEA4408B8F1800F7FF63FAF11B0AE
:10BBE0000E20BDE8F08F012E08D1079840F6F571C0
:10BBF000884203D911B00E20BDE8F08F00215A46CB
:10BC0000284601F062FC0B22284652A101F054FCA8
:10BC100005F10B00594602F0DAF96C73B9B205F17F
:10BC20000E0002F0D4F901202874032E0ED0410238
:10BC300005F1110002F0CBF90399B1F5803F07D26D
:10BC400089B205F1130002F0C2F905E00021EFE727
:10BC500005F1200002F0B1F9F82068753F2105F1E7
:10BC6000180002F0B4F9FF2105F11A0002F0AFF953
:10BC7000059905F11C0002F0A0F980274FF0290872
:10BC8000032E27D001F022FA014605F1270002F029
:10BC900094F91FFA89F105F1160002F098F985F878
:10BCA000247085F8268013222DA105F12B0001F0C8
:10BCB00003FC05F5FF704AF6552102F088F9059A54
:10BCC00001230A982946FFF79FFD48B311B00120D0
:10BCD000BDE8F08F01F0FAF9014605F1430002F0EA
:10BCE0006CF905F12400494602F067F9022105F1DB
:10BCF0002C0002F062F9012105F1300002F067F931
:10BD0000062105F1320002F062F985F8407085F8ED
:10BD10004280132217A105F1470001F0CDFBC8E7CF
:10BD2000032E59D1059801232946821D0A98FFF751
:10BD30006BFD00215A46284601F0C7FB12492846F0
:10BD400024E0000030000024ECF40008F5FFFF0FB1
:10BD5000DEF40008EBFE904D53444F53352E300077
:10BD60004E4F204E414D452020202046415420205A
:10BD7000202020004E4F204E414D452020202046BF
:10BD800041543332202020005252614102F015F913
:10BD90006D4905F5F27002F010F90798411E05F59E
:10BDA000F47002F00AF9022105F5F67002F005F9C7
:10BDB00005F5FF704AF6552102F009F905980123AF
:10BDC0002946C21D0A98FFF71FFD05980123294641
:10BDD000421C0A98FFF718FD099A0021284601F035
:10BDE00074FBDDF8108000200190032E0BD0012E93
:10BDF0001AD06FF00701284602F0DFF84F4657458A
:10BE000014D9504613E06FF00701284602F0D5F828
:10BE1000281D4FF0FF3102F0D0F86FF0704105F1AE
:10BE2000080002F0CAF8E9E74849E4E73846069016
:10BE3000069B42460A982946FFF7E6FC18B111B066
:10BE40000120BDE8F08F00215A46284601F03DFB55
:10BE50000698804406983F1A002FD0D10198401CC4
:10BE6000019001980028C0D0032E00D0029C5445B8
:10BE700001D9574600E027460A983B4642462946E4
:10BE8000FFF7C2FC18B111B00120BDE8F08FB84433
:10BE9000E41B002CEBD1032E05D00398B0F5803FB6
:10BEA00003D3062604E00C2602E0022E05D001266C
:10BEB0000E9810F0080F02D038E00426F8E70021B1
:10BEC0005A46284601F001FB05F5FF704AF6552158
:10BED00002F07DF805F5DF7400202070012161700B
:10BEE000A170E070267103990598084443F6C1617A
:10BEF000B0FBF1F0FE2161713F2141EA9001A17197
:10BF0000E07104F10800059902F057F8039904F173
:10BF10000C0002F052F80A98012300222946FFF78C
:10BF200073FC18B111B00120BDE8F08F00220A980F
:10BF30001146FFF73FFC18B111B00120BDE8F08FAA
:10BF400011B00020BDE8F08F72724161F8FFFF0070
:10BF50002DE9F74181B0164602980090684601F03D
:10BF6000B7F80446002C03DA04B00B20BDE8F081DA
:10BF70001C4F57F824504FF0000845B12846FEF7F3
:10BF8000EFFF286900F0CEFDB0B185F80080019880
:10BF900040B180F8008000F11001E2B2104600F0DC
:10BFA000B1FD68B1019847F8240008B1012E0BD00B
:10BFB00004B00020BDE8F08104B00220BDE8F081AB
:10BFC00004B00220BDE8F081002201A902A800F01F
:10BFD00017FE04460198214602F07DF804B0204681
:10BFE000BDE8F081300000242DE9F743ADF50E7D6A
:10BFF0000546002D0CD002F03F0680A932468FA8DE
:10C0000000F0FEFD04464FF0000834B100F0F0B837
:10C010000DF5117D0920BDE8F08380988190C0F86E
:10C020000CD081A88F9900F061FF0446200010D148
:10C030009DF8330210F0800F01D0062409E036F09D
:10C04000010001D0012100E0002181A8FEF750FF8E
:10C05000044616F01C0F54D06CB1042C08D1FFF725
:10C0600037FC20B181A8FFF79FFA044600E01224B4
:10C0700046F008060AE09DF80A0210F0110F01D000
:10C08000072403E016F0040F00D00824002C47D149
:10C0900016F0080F44D001F019F807468998394680
:10C0A0000E3001F08AFF89983946163001F085FF7D
:10C0B00089992020C8728999809801F085F80746EF
:10C0C00089998098002201F064FF899800211C3032
:10C0D00001F073FF80980121C1700FB3D0F8349044
:10C0E000002281A8394601F015FF0446200017D12F
:10C0F0008098494601F0EFF904468099781E48611E
:10C100000EE06CB99DF80A0210F0100F01D0042463
:10C1100006E016F0020F03D010F0010F00D0072444
:10C12000ACB916F0080F01D046F040068098406B7D
:10C1300068628998A86236F0010001D0012100E010
:10C14000002181A800F0F6FF286100B90224ECBBB1
:10C150008999809801F038F8A86089981C3001F01E
:10C1600046F8E860C5F82C80809828608098C088E0
:10C17000A8802E7585F81580C5F82080C5F8188030
:10C1800000214FF4007205F1300001F09EF916F025
:10C19000200F2DD0EE68CEB1AE6180984089470265
:10C1A000A9680BE0284600F02FFF0146012900D8BE
:10C1B0000224B1F1FF3F00D10124F61B0CB9BE42AD
:10C1C000F0D8E96114B9F005C00D00E010E00FD01F
:10C1D0008098FEF7EDFEB8B100EB56222A628098F7
:10C1E000012305F130014078FFF7F2FA00B1012494
:10C1F0000CB1C5F800802146809801F06CFF0DF568
:10C20000117D2046BDE8F0830224F1E70FB42DE94B
:10C21000F0479CB0014608A801F02DFE26A81B900F
:10C220004FF02D086F46259810F8011B2590002926
:10C2300000F00581252903D008A801F0E3FDF2E70D
:10C2400000252E4610F8011B2590302902D02D29FB
:10C2500005D008E0012610F8011B259003E0022616
:10C2600010F8011B2590A1F1300009280DD805EB2D
:10C27000850001EB4000A0F13005259810F8011B66
:10C280002590A1F130000928F1D96C2901D04C2961
:10C2900005D146F00406259810F8011B25900029C9
:10C2A00072D00A46A2F161001146192801D8413026
:10C2B000C2B24F2A4ED006DC422A49D0432A3FD090
:10C2C000442A06D148E0532A07D0552A44D0582A98
:10C2D00044D008A801F096FDA5E71B9850F8049BF0
:10C2E0001B90002400E0641C19F804000028FAD117
:10C2F00016F0020F0BD12046641CA84207D2202161
:10C3000008A801F07FFD2046641CA842F7D399F8E5
:10C31000000040B199F8001008A801F073FD19F869
:10C32000010F0028F6D1661CAC42BFF47CAF20217F
:10C3300008A801F067FD3046761CA842F7D372E7E3
:10C340001B9810F8041B1B9008A801F05BFD6AE71E
:10C35000022304E0082302E00A2300E0102316F081
:10C36000040F06D0DDF86CC05CF8040BCDF86CC08F
:10C3700007E0442A09D0DDF86CC05CF8040BCDF866
:10C380006CC0442A08D00DE059E0DDF86CC05CF8C0
:10C39000040BCDF86CC0F4E710F0004F02D040421F
:10C3A00046F008060024B0FBF3F203FB1202D2B2FF
:10C3B000B0FBF3F0092A05D9782919D04FF0070C02
:10C3C0006244D2B2A4463032641C07F80C2008B193
:10C3D000202CE8D316F0080F03D02046641C07F881
:10C3E0000080A14616F0010F05D04FF0300A09E099
:10C3F0004FF0270CE4E74FF0200A03E008A851466D
:10C4000001F000FD16F0020F04D14846A84209F1E0
:10C410000109F3D3641E08A8395D01F0F3FC002C78
:10C42000F8D1A94509F10104BFF4FDAE08A85146B1
:10C4300001F0E8FC2046641CA842F7D3F3E608A804
:10C4400001F004FD1CB0BDE8F0075DF814FBF8B581
:10C4500004466946204602F0CFF80546002D45D136
:10C46000207D10F0400F41D010F0800F12D00098C6
:10C470000123226A04F130014078FFF7C5F928B1A1
:10C480000098012101F027FE0120F8BD207D00F079
:10C490007F00207500F01AFE0646616A009801F0E0
:10C4A0001AF8054615BBA56AE87A40F02000E87244
:10C4B000A2682946206801F06CFDE16805F11C00C6
:10C4C00001F07BFD05F11600314601F076FD0021FB
:10C4D00005F1120001F07BFD00980121C17001F00F
:10C4E00089FD0546207D00F0BF0020750098294693
:10C4F00001F0F1FD2846F8BD2DE9F84F04460F463E
:10C50000164698460020C8F800006946204602F00A
:10C5100073F805460DB9657D35B10098294601F0DF
:10C52000DAFD2846BDE8F88F207D10F0020F0DD00F
:10C53000A069811900D3C643002E00F0DE804FF0C1
:10C540000109A169C805C00D07D0B2E00098072114
:10C5500001F0C1FD0720BDE8F88F00984089401E1A
:10C5600000EA512ABAF1000F2FD129B1E06A50B187
:10C570002046FEF709FD0AE0A06840B900212046E8
:10C58000FEF76EFD03E0E1692046FEF769FD002835
:10C5900073D0012806D0B0F1FF3F0CD0E061A16854
:10C5A00091B112E0022060750098022101F093FD24
:10C5B0000220BDE8F88F84F815900121009801F061
:10C5C0008AFD0120BDE8F88FA060207D10F0800F6B
:10C5D00015D000980123226A04F130014078FFF75A
:10C5E00013F940B184F815900121009801F073FD12
:10C5F0000120BDE8F88F207D00F07F002075E16903
:10C600000098FEF7D5FCD8B100EB0A0B750A9DB374
:10C6100000980AEB050241898A4201D9A1EB0A057B
:10C6200040782B465A463946FFF7EEF888B184F831
:10C6300015900121009801F04EFD0120BDE8F88F12
:10C64000022060750098022101F045FD0220BDE83E
:10C65000F88F206AA0EB0B00A8420BD207EB402119
:10C660004FF4007204F1300000F026FF207D00F04E
:10C670007F0020756D022EE000E03EE0206A584504
:10C6800015D0E168A069884211D20098012304F115
:10C6900030015A464078FFF79BF840B184F8159076
:10C6A0000121009801F017FD0120BDE8F88FC4F8C2
:10C6B00020B0208BC0F30800C0F50075B54200D94A
:10C6C0003546394620442A46303000F0F5FE207DBC
:10C6D00040F0800020752F44A0692844A061E168E3
:10C6E000884200D80846E060D8F800002844C8F81E
:10C6F0000000761B002E7FF424AF207D40F0400028
:10C7000020750098002101F0E6FC0020BDE8F88FBC
:10C7100082B0CDE9000121F0004001909DED000BB9
:10C7200002B051EC100B70472DE9F0410024164681
:10C730000F4605460AE0395D284600F065F9C0B2AB
:10C74000012802D1284600F03BF9641CB442F2DB18
:10C750000020BDE8F0810000393810B56C280C4687
:10C76000C0B04BD2DFE800F0364A4A4A4A4A4A3A59
:10C770003F434A4A4A4A4A4A4A4A4A4A4A4A4A472E
:10C780004C4F4A5356595C6064686B6F73777B7E7D
:10C790008184888B8F93969EA2A6AAB24A4AC7B577
:10C7A000B84AC9BB4ACBCDCFC14AC34A4A4A4AD18B
:10C7B0004A4AD34AD54A4AD34ADC4A4A4A4A4AC331
:10C7C000C3C5C54A4A4A4A4A4A4A4A4A4A4A4AC7DD
:10C7D0004ADEE0C757482022214672E056483822F8
:10C7E0002146F3F781FF55483022214669E054483D
:10C7F0005822214665E053482168016040B010BDD1
:10C80000216851486DE051481022214659E02168C5
:10C810004F4841E021684F483EE021684E483BE0E8
:10C820004E48102221464CE04D483022214648E037
:10C830004C485022214644E021684B482CE04B48AC
:10C840007A2221463DE04A482022214639E04948E3
:10C850001822214635E048481022214631E021685F
:10C86000464819E02168464816E02168454813E02B
:10C8700045481022214624E0216844480CE0444801
:10C88000102221461DE043482422214619E0216858
:10C89000414801E021684148016061684160A16848
:10C8A0008160ABE73E48402221460AE03D4828220D
:10C8B000214606E03C481822214602E03B4810226F
:10C8C000214640B0BDE81040F3F70EBF216838485C
:10C8D00007E02168374804E02168374801E0216813
:10C8E000364801606168416088E71C221DE018221B
:10C8F0001BE0482219E0142217E0FF2215E0602215
:10C9000013E0382211E098220FE04C220DE034228F
:10C910000BE02088ADF80000A0788DF802006DE7EC
:10C92000402202E0222200E0442221466846F3F73A
:10C93000DBFE63E7D0580024F05800242859002477
:10C94000585900245C04002460040024B0590024D9
:10C95000C0590024CC590024D8590024E45900249B
:10C96000F4590024285A0024785A0024845A0024B8
:10C9700080570024005B0024185B0024285B0024FF
:10C98000345B0024405B00244C5B00245C5B00248F
:10C99000685B0024785B00249C5B0024A85B002477
:10C9A000B85B0024F85B0024205C0024385C002481
:10C9B0006804002470040024780400248004002407
:10C9C000826800F130011046FFF7C6BE30B5C3687B
:10C9D0000022002B0BDD4368072B08D1036A00F10E
:10C9E00030045D1C05621955016AFF2901D94260B6
:10C9F00030BDC168491EC16030BD00214160C160C9
:10CA000081600162416170472DE9F0410A46416849
:10CA100000250446092903D34560E81EBDE8F081DE
:10CA200004F124004FF0FF370A54616809294AD203
:10CA3000DFE801F0050F13161924272E3B002046CE
:10CA4000FFF7DBFFFD2A2DD0FC2A3CD101206060DE
:10CA500028E00220C4E9010224E00320E260F6E7B6
:10CA600004202261F3E70421A261F4F7FBFEA1692F
:10CA7000884228D1E06818B30520E8E70620E26183
:10CA8000E5E7E169072042EA0121E161606009E030
:10CA9000E068082640B111462046FFF797FFE0689E
:10CAA00000B966600020B9E76660FD2A0BD194F8F2
:10CAB000201004F13000F4F7C1FEE169814202D197
:10CAC00001206560AAE738466560A7E7802805D39E
:10CAD0000B4A41B1B0F5807F01D300207047803808
:10CAE00032F810007047002132F81130834203D031
:10CAF000491C89B28029F7D301F18000C0B2704788
:10CB0000FAF4000810B582B00C46002000900190A5
:10CB10000121684600F0C8FD2060002800D00120F7
:10CB200002B010BD10B500F0E2FD012010BD00F014
:10CB3000EBBD10B500244FF47A7100F00DFE00B982
:10CB40000124204610BD00004DF8044DB0F5805F73
:10CB500001D2294900E0294931F8022B002A16D0D8
:10CB6000904214D331F8023B4FEA132CDBB2D418B5
:10CB700084423BD9BCF1090F09D2DFE80CF0050B68
:10CB800013181D22272C3100801A31F810005DF88F
:10CB9000044B7047811A01F00101401A80B25DF820
:10CBA000044B7047103880B25DF8044B7047203852
:10CBB00080B25DF8044B7047303880B25DF8044BAA
:10CBC00070471A3880B25DF8044B7047083080B265
:10CBD0005DF8044B7047503880B25DF8044B7047E5
:10CBE000A0F5E35080B25DF8044B7047BCF1000F34
:10CBF000B2D101EB4301AFE7FAF50008ECF700080A
:10CC00002DE9F04184B00E4690460027376000F0D1
:10CC10005FFA0546002D03DA04B00B20BDE8F08171
:10CC2000AE4850F82540D4B1204600F099FBD0B171
:10CC3000346008F0FE06207828B16078FEF7D8FD51
:10CC400010F0010F13D02770E8B26070FEF79CFD62
:10CC500010F0010F17D004B00320BDE8F08104B03C
:10CC60000C20BDE8F08104B00F20BDE8F08136B1A2
:10CC700010F0040F03D004B00A20BDE8F08104B026
:10CC80000020BDE8F08136B110F0040F03D004B0ED
:10CC90000A20BDE8F081002520462946FEF7E6F887
:10CCA00002281FD1E84604EB051000F5FB7001795E
:10CCB00019B1083000F09BFA00E0002048F8250088
:10CCC0006D1C042DEFD3002658F8265025B12946B7
:10CCD0002046FEF7CBF800E00320022802D3761CA2
:10CCE000042EF1D3042805D0022807D304B00D2068
:10CCF000BDE8F08104B00120BDE8F08104F14300FB
:10CD000000F080FAB0F5007F03D004B00D20BDE83C
:10CD1000F08104F14E0000F075FA014621B904F1EA
:10CD20005C0000F064FA0146216294F84800A070AB
:10CD3000012805D0022803D004B00D20BDE8F08101
:10CD400000FB01F894F84500608110B1411E0842D3
:10CD500003D004B00D20BDE8F08104F1490000F0DB
:10CD600051FA208110F00F0F03D004B00D20BDE860
:10CD7000F08104F14B0000F045FA0646300004D182
:10CD800004F1580000F033FA064604F1460000F0C2
:10CD900039FA024652B1238902EB080000EB131165
:10CDA0008E4207D204B00D20BDE8F08104B00D2002
:10CDB000BDE8F081B4F80AC0701AB0FBFCF048B3CB
:10CDC00003264FF6F57C604500D8022640F6F57C38
:10CDD000604500D80126801CE06165622A44A26299
:10CDE00029442163032E19D07BB302EB0801E162D1
:10CDF000022E2FD000F0010100EB400001EB5000AB
:10CE0000216A00F2FF10B1EB502F25D204B00D20A3
:10CE1000BDE8F08104B00D20BDE8F08104F16200AE
:10CE200000F0F0F918B104B00D20BDE8F0812089C0
:10CE300018B104B00D20BDE8F08104F1640000F0E9
:10CE4000D6F9E062E0698000DAE7FFE704B00D2080
:10CE5000BDE8F0814000D3E74FF0FF30A061606192
:10CE600080202071032E2BD104F1680000F0CAF954
:10CE7000012825D1691C204600F02DFB00BB27713D
:10CE800004F2362000F0BEF9A0F52A41553917D139
:10CE900004F1380000F0ABF91149884210D104F5D3
:10CEA000077000F0A4F90F49884209D104F5087011
:10CEB00000F09DF9A06104F5097000F098F9606137
:10CEC000267009490888401C0880E0802046FEF74B
:10CED00047F804B00020BDE8F081000030000024D5
:10CEE00052526141727241612C00002473B50446B4
:10CEF000256801E0401C0190019801782F29F9D0A4
:10CF00005C29F7D00021A16001980078202807D281
:10CF1000802084F82F002046FEF7E4FB02B070BDAD
:10CF200001A92046FEF7FAF80028F7D12046FEF7BF
:10CF300038FA94F82F1038B10428EFD111F0040F0B
:10CF4000ECD1052002B070BD11F0040FFAD1A07928
:10CF500010F0100F0AD0A08AC0F30800284400F196
:10CF60003801284600F030F9A060D9E7052002B06A
:10CF700070BD70B582B0054616461C460B22284689
:10CF800000F09AFA052C16D93088A0B136F8021BA9
:10CF9000002320460C4660F35F04490814F4803FE8
:10CFA00003D084F0210484F488345B1C102BF0D36C
:10CFB00030880028EAD107216B4604F00F0000F109
:10CFC0003002392A01D9D01DC2B20846491E1A546E
:10CFD0002409002CF1D17E205854002200E0521C7C
:10CFE0008A4202D2A85C2028F9D1082903D2084637
:10CFF000491C185C00E020209446521C05F80C00E7
:10D00000082AF2D302B070BD2DE9F0410D46046844
:10D01000022D02D3E069A84201D801260AE04FF0B0
:10D02000FF362078012808D0F70D02282DD00328DC
:10D030003BD001263046BDE8F08105EB5507A06ADC
:10D0400000EB5721204600F046FA0028F2D1C7F342
:10D050000800204407F1010890F83870A06A00EB3E
:10D060005821204600F037FA0028E3D1C8F3080021
:10D07000204490F8380047EA002015F0010F01D055
:10D080000609D7E7C0F30B06D4E7A06A00EB152129
:10D09000204600F020FA0028CCD107EA45002044C1
:10D0A000383000F0AFF80646C4E7A06A00EBD511AF
:10D0B000204600F010FA0028BCD107EA8500204481
:10D0C000383000F094F820F07046B3E70020704745
:10D0D0004DF8044D04464FF0FF30D4F800C0BCF1C9
:10D0E000000F0BD0614600E0491C0A78202A01D3CA
:10D0F0003A2AF9D10A783A2A03D000205DF8044B85
:10D1000070479CF800300CF10102303B0A2BF5D23D
:10D110008A42F3D1002BF1D11846491C21605DF8F9
:10D12000044B7047EFF30580002801D001207047C1
:10D130000020704770B40022224CD0F800C004EBED
:10D1400002131D68654507D15D688668B54203D145
:10D150009B684569AB4202D0521C022AEFD3022AD7
:10D1600017D1002200E0521C022A04D204EB021361
:10D170001B68002BF7D1022A13D004EB0213C3F86B
:10D1800000C0D0F808C0C3F804C04069986000200F
:10D19000988149B104EB0210808928B170BC00204D
:10D1A000704770BC0020704711B14FF4807003E0ED
:10D1B00004EB02108089401C04EB02118881501C92
:10D1C00070BC7047FC13002470B506460C4604F191
:10D1D0001A0000F017F805463078032805D104F14D
:10D1E000140000F00FF845EA0045284670BDC178EC
:10D1F000827842EA0121427842EA0121007840EA3D
:10D20000012070474178007840EA01207047000013
:10D2100010B590ED001BB4EEC01BF1EE10FA02D871
:10D2200091ED000B10BD00EBC20313ED021BB4EE39
:10D23000C01BF1EE10FA04DB01EBC20010ED020B93
:10D2400010BD0023521E29E000EBC30494ED001B27
:10D25000B4EEC01BF1EE10FA1FDB94ED021BB4EE2E
:10D26000C01BF1EE10FA18D800EBC30201EBC300AB
:10D2700092ED024B90ED023B90ED001B94ED002BE4
:10D2800033EE413B34EE424B30EE425BB0EE410BAD
:10D2900083EE042B02EE050B10BD5B1C9342D3DB27
:10D2A0009FED010B10BD0000000000000000000019
:10D2B00010B52DED0C8BB0EE418BB0EE40BBB0EE57
:10D2C000429BB0EE480BFDF7E3F99FED1F1B20EEEC
:10D2D00001ABB0EE480BFDF7DBF9B0EE401BB7EE4B
:10D2E000000B0AEE410BFDF72BFA9FED191B81EEA7
:10D2F00000ABB0EE480BFDF7CBF839EE0ADB20EEC1
:10D300000DCBB0EE4B0BFDF7C3F82CEE00CBB0EE1F
:10D31000480BFDF7BDF820EE0DDBB0EE4B0BFDF733
:10D32000B7F92DEE00BBB0EE480BFDF7B1F99FED5C
:10D330000A1B0AEE019BB0EE4B1B20EE092BB0EE50
:10D340004C0BBDEC0C8B10BD5095FEF1906B7B3FF0
:10D3500000000040A6545841D5021CDE28C9EF3F0A
:10D3600010B5002805D00069FFF7E3FB08B10120E4
:10D3700010BD002010BD00008CB00024079408945C
:10D3800009940A94F6F7B8F901208DF828001F21B6
:10D390008DF8241087228DF825208DF829008DF82E
:10D3A0001C0007A88DF826408DF82A408DF81D40F6
:10D3B00008948DF827408DF82B40F6F76FF904207C
:10D3C000F6F7A8F9F6F7FAF8FBF7D2FDF9F772FFCE
:10D3D000F9F724FFFAF714FAFAF77CF9FAF7ACF93F
:10D3E000FAF7DCF925484FF48041234B0222C0E9CB
:10D3F0000034C0E90241C0E90442FAF703F8FAF741
:10D400009BF8F9F749FFFAF7FFF8FAF761F8FAF72E
:10D410002FF91C4842F20F71C7220794089409940F
:10D42000C0E90241164B8461C0E90032F8F7C6FC3E
:10D4300008B172B6FEE7134807A907940994F8F7F4
:10D440006BFC08B172B6FEE70F491C226846F3F781
:10D4500090F90021684600F0BBF90C494860FCF7E0
:10D4600005F90B4D4FF4007421462846F6F785F870
:10D470000120F5F755FFF7E700700052F80400248B
:10D480000010004058060024D0F3000800000024DB
:10D49000001002580021842800D0C11C08467047A3
:10D4A00010F8013B11F801CBA3EB0C03521E01D085
:10D4B000002BF5D018467047002A05D011F8013B23
:10D4C00000F8013B521EF9D17047C9B200F8011BA8
:10D4D000521EFBD1704770B504460D460026606BA6
:10D4E000A84210D0204600F0CBFD06465EB9607819
:10D4F000012304F138012A46FEF76AF910B14FF012
:10D50000FF3501266563304670BD000010B5054942
:10D51000A1FB00108008002800D1012000F0ECFEE3
:10D52000002010BDCDCCCCCC10B501F073FD01288E
:10D5300001D0012010BD002010BD10B5FFF7F2FD95
:10D5400018B1BDE8104001F079BDBDE8104001F010
:10D550006FBD08B58268D0F800C04168002A07D0C6
:10D56000C3682BB100200090604601F011F908BD9E
:10D57000BDE808400022604601F0E8B82DE9F0411E
:10D5800084B005460E46029600270197002E0BD068
:10D5900003970024B2F1FF3F10D09AB12448A0FBBA
:10D5A000021084086CB10DE080200090029A01996D
:10D5B000AA606960286004B0BDE8F0814FF0FF34D4
:10D5C00000E00124FFF7AEFD010068464FF01008AF
:10D5D00015D0011D304603AA01F066FB01280BD0CF
:10D5E00000970398A8B113494FF080500860BFF32B
:10D5F0004F8FBFF36F8F0CE0CDF80080F1E7011D76
:10D600002246304601F0ACFA01280BD06CB1402024
:10D610000090029A01990098AA606960286004B09D
:10D62000BDE8F081CDF80080F3E70020F0E70000CE
:10D63000CDCCCCCC04ED00E037B582B0054600205F
:10D6400001901748A0FB02108408002C00D101248F
:10D65000FFF768FDA8B10023284601AA03A901F03D
:10D66000CFF9012802D005B0FF2030BD019898B154
:10D670000C494FF080500860BFF34F8FBFF36F8F9E
:10D680000AE00023224603A9284601F001F90128F7
:10D6900002D005B0FF2030BD05B0002030BD000035
:10D6A000CDCCCCCC04ED00E038B54368002B0BD0DA
:10D6B000012901D0002038BD032000900022012064
:10D6C000114601F065F838BD012901D0002038BDB0
:10D6D00003220021012001F039F80446200004D083
:10D6E00000231A46194601F0D3F8204638BD10B57C
:10D6F0000446FFF717FD08B1822010BD204600F058
:10D70000CDFD002010BD000038B5054600240020E6
:10D710000090FFF707FD90B16946284601F0CFF968
:10D72000012801D0FF2038BD009888B109494FF089
:10D7300080500860BFF34F8FBFF36F8F08E0002366
:10D7400028461A46194601F0A3F8012800D0FF2404
:10D75000204638BD04ED00E038B5054600200090B5
:10D76000002D0AD00024B1F1FF3F08D059B116486E
:10D77000A0FB011084082CB105E0802038BD4FF0DB
:10D78000FF3400E00124FFF7CDFC98B100216A4688
:10D79000284601F089FA012801D0FF2038BD009801
:10D7A00080B10A494FF080500860BFF34F8FBFF33C
:10D7B0006F8F07E02146284601F0C4FA012801D006
:10D7C000FF2038BD002038BDCDCCCCCC04ED00E02E
:10D7D00030B585B004460D466169B4F908000029EA
:10D7E00010D0A16971B1FFF755FE62692B46A1699E
:10D7F00001920291009022692168606801F0DAFBD1
:10D80000049010E0FFF746FE04A9019100902B461A
:10D81000208A216882B2606801F096FB012802D05C
:10D8200005B0002030BD049805B030BD2DE9F041B1
:10D8300004460F46194EF5683068001D00F057FC8D
:10D8400048B93068012190F82C0001FA00F03169E4
:10D8500021EA00003061B4F1FF3F07D137B13068F1
:10D86000BDE8F041011D0E4800F08BBC2C4430682F
:10D870004460AC4206D23068011DB06BBDE8F04197
:10D8800000F062BC3068011D706B00F05DFCB06A96
:10D89000844200D2B462BDE8F0810000340000246C
:10D8A0003817002470B5044600F078FC1D4DA868B8
:10D8B000401CA860286810B1686938B10CE02C6081
:10D8C000A868012808D100F037F905E02868E16A66
:10D8D000C06A884200D82C60686A401C6862606434
:10D8E0000121E06A2A698140114329610E4900EB58
:10D8F000800001EB8000211D00F043FC00F06EFC75
:10D90000686900280CD02868E16AC06A884207D29A
:10D9100006494FF080500860BFF34F8FBFF36F8F01
:10D9200070BD0000340000246814002404ED00E001
:10D9300070B50D4C6068002815D00C4E00F02EFC20
:10D94000F068C568281D00F0D2FBA068401EA060EA
:10D950006068401E606000F041FC284600F051F80D
:10D9600060680028EAD170BD340000242417002428
:10D970000B46026C002A0CD0C1681144C160D0F87B
:10D9800008C0614501D30168C160C1681846F2F75B
:10D99000ABBE70472DE9F041044616460027A56B43
:10D9A000226C002A10D0C6B1E068F2F79DFEE16853
:10D9B000206C091AE1602268914202D2A168081A1B
:10D9C000E060022E16D017E02068A8B9A06801F028
:10D9D000A7FB07460020A0600EE06068F2F784FE17
:10D9E000216C606808446060A168884204D32068A4
:10D9F000606001E005B16D1E681CA0633846BDE89B
:10DA0000F08110B5044694F8591000290BD0012973
:10DA100011D0022914D0502080F31188BFF34F8F0A
:10DA2000BFF36F8FFEE7206B00F0EEFB2046BDE8F2
:10DA3000104000F0E9BB2046BDE8104000F0E4BB18
:10DA400010BD416A002904D0006B0068C0F12000BD
:10DA50007047002070470000074E4FF08054074D7C
:10DA6000FFF766FF30680128FAD92C60BFF34F8FAB
:10DA7000BFF36F8FF4E700006814002404ED00E0AA
:10DA800070B51D46049C002909D02260E063216422
:10DA90000121204600F0B4FE84F84C5070BD246093
:10DAA000F4E72DE9F05F82460E4690469B460B9FB9
:10DAB0000A9D0C9CA5224FEA8801206BF2F78BFE91
:10DAC000206BA8F1010100EB810020F007094FF065
:10DAD000000866B100202218315C82F83410315CF5
:10DAE00011B1401C1028F6D384F8438001E084F87B
:10DAF0003480202D00D31F25E562E564C4F85080F2
:10DB0000201D00F01EFB04F1180000F01AFB246138
:10DB1000C5F12000A0616462C4F8548084F8588084
:10DB20005A465146484600F0DFF92060002F00D0E9
:10DB30003C60BDE8F09F000070B500240F4D04EB81
:10DB4000840005EB800000F0F1FA641C202CF6D371
:10DB50000B4800F0EBFA0B4800F0E8FA0A4800F036
:10DB6000E5FA0A4800F0E2FA094800F0DFFA09484D
:10DB7000034941631431816370BD000068140024BF
:10DB8000E8160024FC160024101700242417002493
:10DB9000381700243400002410B5044600F0FEFAC3
:10DBA000A06B20B1002400F019FB204610BD012419
:10DBB000F9E710B5044600F0F1FAA06BE16B88427A
:10DBC00001D1012400E0002400F008FB204610BD34
:10DBD0000749486B0068002805D0486BC068C068DA
:10DBE0004068886270474FF0FF30886270470000DD
:10DBF000340000240A484068B0F1FF3F07D05020AD
:10DC000080F31188BFF34F8FBFF36F8FFEE7502073
:10DC100080F31188BFF34F8FBFF36F8FFEE70000D3
:10DC20007800002470B5044600F0B8FA94F9455025
:10DC3000002D0CDD606A50B104F1240001F008FBF6
:10DC400008B100F089FB681E45B2002DF2DC4FF0F0
:10DC5000FF3684F8456000F0C1FA00F09FFA94F9AD
:10DC60004450002D0CDD206950B104F1100001F08A
:10DC7000EFFA08B100F070FB681E45B2002DF2DC2F
:10DC800084F84460BDE8704000F0A8BA2DE9F04780
:10DC900004460D4616460227022D75D3E069A842B8
:10DCA00072D920784FF0010A012806D0022840F2EC
:10DCB000FF183CD0032867D14CE005EB5508A06A5B
:10DCC00000EB58212046FFF706FC074638005BD1E1
:10DCD000C8F308002044383008F1010915F0010F9D
:10DCE00004D00178F2B262F31F1100E031460170F6
:10DCF00084F803A0A06A00EB59212046FFF7EBFB54
:10DD00000746380040D1C9F308002044383015F0E8
:10DD1000010F02D0C6F3071105E00178C6F3032214
:10DD200001F0F0011143017084F803A02CE0A06A17
:10DD300000EB15212046FFF7CEFB0746380023D124
:10DD400008EA45002044B1B2383000F040F984F8C8
:10DD500003A019E0A06A00EBD5112046FFF7BBFB3A
:10DD60000746380010D108EA8500051905F138008A
:10DD7000FFF73DFA66F31B0005F138020146104635
:10DD800000F01BF984F803A03846BDE8F0870000D6
:10DD90002DE9F05F81460E46904673730F20F072B6
:10DDA00000203073002106F11A0000F010F9A8F1EC
:10DDB000010000EB800101EBC00500242746DFF8DD
:10DDC00040B04FF6FF7A544503D028466D1C39F811
:10DDD00010401BF807002146304400F0F8F80CB959
:10DDE0004FF6FF747F1C0D2FEDD3544502D039F848
:10DDF000150008B948F0400886F80080BDE8F09F9B
:10DE0000D0F40008F8B504460E460A2E03D10D21C1
:10DE10002046FFF7F7FF6068002816DB451C20440A
:10DE200006733D2D0DDB206804F10C016B462A467C
:10DE3000FEF762FB0098A84201D1002501E04FF0F7
:10DE4000FF356560A068401CA060F8BD38B5044689
:10DE50006268002A0CDB206804F10C016B46FEF7B7
:10DE60004BFB28B960680099884201D1A06838BD91
:10DE70004FF0FF3038BD0160002141608160704784
:10DE800070B50446002514F0070F04D004F0070015
:10DE9000C0F10800044400F077FB0B4A506818B941
:10DEA0000A4820F007005060106843F6F833011963
:10DEB000994204D2814202D953681D18116001F0C1
:10DEC00003FA284670BD0000700000245417002497
:10DED00004490868002803D00868026D521C0265D6
:10DEE0000868704734000024001F4FF080730360FF
:10DEF000001F21F001010160001F05490160143875
:10DF00000260001F6FF002010160203870470000BE
:10DF1000F5DB00082DE9F04107460E4611463C6846
:10DF2000022E02D3E069B04202D80220BDE8F0819F
:10DF300031B14FF0FF322046FFF7A8FE0028F5D19F
:10DF400031463846FFF760F80546CDB1012D1AD0AD
:10DF5000B5F1FF3F1AD0002231462046FFF796FE6A
:10DF60000028E3D1E169A0698A1E904205D2401CD5
:10DF7000A061207940F0010020712E46B142DFD827
:10DF80000020BDE8F0810220BDE8F0810120BDE85D
:10DF9000F08170B506460C461546A9B204F11A0088
:10DFA00000F015F83078032806D1290C04F114008C
:10DFB000BDE8704000F00BB870BD421C0170080A4B
:10DFC000511C1070000A0870000A48707047421C0B
:10DFD0000170080A10707047014600200B224308A8
:10DFE00003EBC01011F8013B1844C0B2521EF6D129
:10DFF0007047000070B50446204600F041F8054621
:10E00000002D37D1207803282DD1207901282AD15D
:10E010004202002104F13800FFF757FA04F23620DB
:10E020004AF65521FFF7D3FF134904F13800FFF7F3
:10E03000C4FF124904F50770FFF7BFFFA16904F59B
:10E040000870FFF7BAFF616904F50970FFF7B5FFC3
:10E05000606A421C62636078012304F13801FDF7B5
:10E06000D3FB00202071002260781146FDF7A2FB4F
:10E0700000B10125284670BD525261417272416162
:10E080002DE9F04104460027E078002820D0666B97
:10E090000123607804F138013246FDF7B5FB08B181
:10E0A000012715E00020E070A06A216A301A88423A
:10E0B0000ED2A578022D0BD3206A06446078012386
:10E0C000324604F13801FDF79FFB6D1E022DF3D29D
:10E0D0003846BDE8F081002808D00C2906D00B296D
:10E0E00004D00F2902D00069FEF721BD70470169F5
:10E0F000436882689A60836842685A604A688242CC
:10E1000001D182684A60002202610868401E0860EE
:10E110000868704710B5044C8023046004F15C006B
:10E120000860136010BD0000EC0C002400F1080131
:10E1300041604FF0FF328260C160016100210160E7
:10E1400070470021016170474DF8044DD1F800C0BF
:10E15000BCF1FF3F02D000F1080202E0026904E0D6
:10E160001A4653681C686445FAD953684B60996035
:10E170008A60516008610168491C01605DF8044BC8
:10E18000704742684A6093688B60936859609160F9
:10E1900008610168491C016070470000502080F34D
:10E1A0001188BFF34F8FBFF36F8F0A494868401C37
:10E1B000486001280CD10848006810F0FF0F07D014
:10E1C000502080F31188BFF34F8FBFF36F8FFEE7AE
:10E1D000704700007800002404ED00E00949486819
:10E1E000002806D0401E4860002801D180F3118825
:10E1F0007047502080F31188BFF34F8FBFF36F8FAC
:10E20000FEE7000078000024002807D0502080F3AB
:10E210001188BFF34F8FBFF36F8FFEE77047000089
:10E220004FF0E0200021016181610549054A09683C
:10E23000A2FB01218909491E416107210161704743
:10E24000140000241F85EB5110B5F2F7FDF81149B9
:10E2500010280ED300F1E02090F8F0030A789042E5
:10E2600007D2502080F31188BFF34F8FBFF36F8F19
:10E27000FEE709480068896800F4E060884207D931
:10E28000502080F31188BFF34F8FBFF36F8FFEE7ED
:10E2900010BD0000780000240CED00E010B504462D
:10E2A000002C0BD0204600F013F894F8460000280C
:10E2B0000CD12046BDE81040FFF7A6BF502080F3E8
:10E2C0001188BFF34F8FBFF36F8FFEE710BD0000C3
:10E2D0000021084A02EBC1035B68834206D100209B
:10E2E00042F8310002EBC10148607047491C08291F
:10E2F000F0D3704728140024024610B50020002AED
:10E3000012D00F48006B38B1502080F31188BFF352
:10E310004F8FBFF36F8FFEE700F036F900211046F4
:10E32000FFF784FA00F0D0FF002807D105494FF02D
:10E3300080500860BFF34F8FBFF36F8F10BD000098
:10E340003400002404ED00E002490A6A0260C96852
:10E35000416070473400002401490120C8617047C2
:10E360003400002410B50C4600280BD0094A12686E
:10E3700002F11801FFF7E8FE2046BDE81040012138
:10E38000FFF754BA502080F31188BFF34F8FBFF3CB
:10E390006F8FFEE73400002470B50446002849D092
:10E3A000226DA2B1E06C884200D30146E06A884247
:10E3B00040D0012A3ED1204D2A6894420FD15020EE
:10E3C00080F31188BFF34F8FBFF36F8FFEE75020AC
:10E3D00080F31188BFF34F8FBFF36F8FFEE7E162C9
:10E3E000A26912F0004F02D1C1F12001A161134EC8
:10E3F00000EB8000616906EB800081421AD1201D8C
:10E40000FFF775FE012138B994F82C002A6901FA4A
:10E4100000F022EA00002861E06A2A698140114385
:10E42000296100EB8000211D06EB8000BDE87040F3
:10E43000FFF7A7BE70BD000034000024681400245C
:10E4400010B586B000240594049403AA04A905A875
:10E45000FFF760FE05980023049902901848039A7C
:10E460000094019114A100F0A5FD1649C86208B1FD
:10E47000012000E0002001280AD0B0F1FF3F19D1AF
:10E48000502080F31188BFF34F8FBFF36F8FFEE7EB
:10E49000502080F31188BFF34F8FBFF36F8F4FF081
:10E4A000FF30886201204861CC6006B0BDE81040B2
:10E4B00000F0CAB806B010BD49444C450000000049
:10E4C00059DA00083400002470B50446FFF766FEF0
:10E4D000294D04B92C68201DFFF709FE68B9E06AD0
:10E4E000264A00EB800152F8211031B9012101FACE
:10E4F00000F0296921EA00002861A06A18B104F13E
:10E500001800FFF7F4FD1E48211DFFF73AFE94F8AE
:10E5100058000026012801D184F85860FFF75EFEFC
:10E52000686928B1FFF73AFEFFF752FBFFF756FE86
:10E530002868844213D1686990B1286B38B15020A3
:10E5400080F31188BFF34F8FBFF36F8FFEE70D4944
:10E550004FF080500860BFF34F8FBFF36F8F70BDD7
:10E5600007480068A968884201D12E6070BDBDE8E7
:10E57000704000F011B8000034000024681400243A
:10E580003817002404ED00E00248016B491C0163C8
:10E590007047000034000024154A106B002802D098
:10E5A0000120D06170470020D0611069B0FA80F07E
:10E5B000C0F11F000F4900EB800051F8203073B10B
:10E5C00001EB800041684968416000F1080399420D
:10E5D00001D1496841604068C068106070475020B0
:10E5E00080F31188BFF34F8FBFF36F8FFEE70000FA
:10E5F000340000246814002470B504460E46092532
:10E60000002C19D02068B8B10178A9B1A188C288BE
:10E61000914211D1FEF7A4FE68B120684078FDF761
:10E62000E7F810F0010F04D020680021FFF753FD38
:10E6300002E0002500E00F251DB1002030602846D3
:10E6400070BD2068FAE7000010B582B03848016854
:10E65000384A914207D1502080F31188BFF34F8F81
:10E66000BFF36F8FFEE700683349884207D150201F
:10E6700080F31188BFF34F8FBFF36F8FFEE72F49F1
:10E6800008780190FF200870087800909DF800003D
:10E690009DF8002000F0F000904207D0502080F359
:10E6A0001188BFF34F8FBFF36F8FFEE79DF8000017
:10E6B000234C00F0500020700720A0609DF800005F
:10E6C00010F0800F0BD0A068401EA0609DF80000E5
:10E6D000400000909DF8000010F0800FF3D1A0687A
:10E6E000032807D0502080F31188BFF34F8FBFF36A
:10E6F0006F8FFEE74FF44070A060019808701148DA
:10E70000016841F470010160016841F070410160ED
:10E71000FFF786FD00206060F1F75EFE0A480168A1
:10E7200041F040410160F1F743FE02B0002010BD0E
:10E7300000ED00E071C20F4170C20F4100E400E043
:10E740007800002420ED00E034EF00E0F8B5054645
:10E750000E461746002D13D005FB06F05030FFF78C
:10E760008FFB044654B104F15002002084F84600A7
:10E770003B46314628460094FFF782F92046F8BD13
:10E78000502080F31188BFF34F8FBFF36F8FFEE7E8
:10E7900038B5049D002804D05BB102B189B1C2B183
:10E7A00020E0502080F31188BFF34F8FBFF36F8FAD
:10E7B000FEE7502080F31188BFF34F8FBFF36F8FB8
:10E7C000FEE7502080F31188BFF34F8FBFF36F8FA8
:10E7D000FEE739B1502080F31188BFF34F8FBFF3AC
:10E7E0006F8FFEE74FF0500CCDF800C01C460123A0
:10E7F00084F846302B460094FFF742F9204638BD96
:10E8000070B504460D46002C25D0FFF7C7FC226CDE
:10E81000E16B206801FB0200A0600020A06320687B
:10E820006060E16B226C491E206801FB0200E06021
:10E830004FF0FF3084F8440084F845009DB104F1A6
:10E840001000FFF773FC04F12400FFF76FFCFFF7E3
:10E85000C5FC012070BD502080F31188BFF34F8F9D
:10E86000BFF36F8FFEE720690028F0D004F110009D
:10E8700000F0EEFC0028EAD004494FF08050086018
:10E88000BFF34F8FBFF36F8FE1E7000004ED00E0AF
:10E890002DE9FF4782B004468A461F460025002C1A
:10E8A00003D0BAF1000F08D011E0502080F3118896
:10E8B000BFF34F8FBFF36F8FFEE7206C38B150204E
:10E8C00080F31188BFF34F8FBFF36F8FFEE7022FE6
:10E8D0000AD1E06B012807D0502080F31188BFF3E4
:10E8E0004F8FBFF36F8FFEE700F094FB48B9049899
:10E8F00038B1502080F31188BFF34F8FBFF36F8F73
:10E90000FEE7DFF8F89000264FF08058FFF746FC4E
:10E91000A06BE16B884205D3022F03D0049808B3A3
:10E9200035B329E03A4651462046FFF733F8616A8D
:10E9300059B104F1240000F08BFC68B1C9F80080E3
:10E94000BFF34F8FBFF36F8F06E028B1C9F8008087
:10E95000BFF34F8FBFF36F8FFFF740FC06B001206E
:10E96000BDE8F087FFF73AFC06B00020BDE8F0876D
:10E970006846FFF7E9FC0125FFF730FCFFF704FECE
:10E98000FFF70CFC94F94400B0F1FF3F01D184F88B
:10E99000446094F94500B0F1FF3F01D184F845602F
:10E9A000FFF71CFC04A9684600F08EFA40B120462F
:10E9B000FFF738F900F088FC06B00020BDE8F087CA
:10E9C0002046FFF7F6F890B1049904F11000FFF724
:10E9D000C9FC2046FFF726F900F076FC002895D107
:10E9E000C9F80080BFF34F8FBFF36F8F8EE72046CB
:10E9F000FFF718F900F068FC88E7000004ED00E07C
:10EA00002DE9F0470446894617461E46002C03D0E0
:10EA1000B9F1000F08D011E0502080F31188BFF346
:10EA20004F8FBFF36F8FFEE7206C38B1502080F31B
:10EA30001188BFF34F8FBFF36F8FFEE7022E0AD10D
:10EA4000E06B012807D0502080F31188BFF34F8F6F
:10EA5000BFF36F8FFEE7FFF7F7FB5020EFF311884E
:10EA600080F31188BFF34F8FBFF36F8FA06BE16B03
:10EA7000884206D3022E04D0002088F31188BDE816
:10EA8000F08794F94550A06B324649462046FEF780
:10EA900081FFB5F1FF3F04D0681C84F845000120D8
:10EAA000EBE7606A0028FAD004F1240000F0D0FB04
:10EAB0000028F4D0002FF2D001203860EFE770B5C5
:10EAC00004460D46002C09D0206C78B1502080F30C
:10EAD0001188BFF34F8FBFF36F8FFEE7502080F395
:10EAE0001188BFF34F8FBFF36F8FFEE7206848B9DF
:10EAF000A06838B1502080F31188BFF34F8FBFF367
:10EB00006F8FFEE7FFF7A0FB5020EFF3118680F335
:10EB10001188BFF34F8FBFF36F8FA06BE16B814202
:10EB200019D994F94520401CA063B2F1FF3F04D0ED
:10EB3000501C84F8450001200EE0606A0028FAD0DD
:10EB400004F1240000F084FB0028F4D0002DF2D062
:10EB500001202860EFE7002086F3118870BD0000D7
:10EB60002DE9F74783B004468A460025002C03D0E0
:10EB7000BAF1000F08D011E0502080F31188BFF3E4
:10EB80004F8FBFF36F8FFEE7206C38B1502080F3BA
:10EB90001188BFF34F8FBFF36F8FFEE700F03AFA93
:10EBA00048B9059838B1502080F31188BFF34F8FD2
:10EBB000BFF36F8FFEE7DFF8EC9000274FF080582F
:10EBC000FFF7ECFAA66BC6B151462046FEF7D0FE21
:10EBD000701EA063206950B104F1100000F038FBF2
:10EBE00028B1C9F80080BFF34F8FBFF36F8FFFF7D5
:10EBF000F5FA06B00120BDE8F087059808B135B1F7
:10EC000009E0FFF7EBFA06B00020BDE8F0876846A0
:10EC1000FFF79AFB0125FFF7E1FAFFF7B5FCFFF7D5
:10EC2000BDFA94F94400B0F1FF3F01D184F844707B
:10EC300094F94500B0F1FF3F01D184F84570FFF72A
:10EC4000CDFA05A9684600F03FF968B12046FEF705
:10EC5000E9FF00F039FB2046FEF79EFF0028AFD009
:10EC600006B00020BDE8F0872046FEF795FF90B182
:10EC7000059904F12400FFF775FB2046FEF7D2FF4B
:10EC800000F022FB00289BD1C9F80080BFF34F8F12
:10EC9000BFF36F8F94E72046FEF7C4FF00F014FB2C
:10ECA0008EE7000004ED00E02DE9F04704468946B8
:10ECB0001746002C03D0B9F1000F08D011E0502006
:10ECC00080F31188BFF34F8FBFF36F8FFEE7206C87
:10ECD00038B1502080F31188BFF34F8FBFF36F8F8F
:10ECE000FEE7FFF7B1FA5020EFF3118880F31188A7
:10ECF000BFF34F8FBFF36F8FA56BEDB194F94460F5
:10ED000049462046FEF734FE681EA063B6F1FF3F79
:10ED100004D0701C84F8440001200EE02069002813
:10ED2000FAD004F1100000F093FA0028F4D0002F7C
:10ED3000F2D001203860EFE7002088F31188BDE8A9
:10ED4000F08700002DE9F34383B004460025002638
:10ED5000002C09D0206C78B1502080F31188BFF3CB
:10ED60004F8FBFF36F8FFEE7502080F31188BFF302
:10ED70004F8FBFF36F8FFEE700F04CF948B904984E
:10ED800038B1502080F31188BFF34F8FBFF36F8FDE
:10ED9000FEE7DFF8309100274FF08058FFF7FEF9CB
:10EDA000A06BC8B1401EA063206810B9FFF790F8AF
:10EDB000A060206950B104F1100000F049FA28B1B8
:10EDC000C9F80080BFF34F8FBFF36F8FFFF706FACC
:10EDD00005B00120BDE8F083049808B17DB112E0D0
:10EDE0003EB1502080F31188BFF34F8FBFF36F8F78
:10EDF000FEE7FFF7F3F905B00020BDE8F0836846B1
:10EE0000FFF7A2FA0125FFF7E9F9FFF7BDFBFFF7CE
:10EE1000C5F994F94400B0F1FF3F01D184F8447082
:10EE200094F94500B0F1FF3F01D184F84570FFF738
:10EE3000D5F904A9684600F047F8D0B12046FEF79E
:10EE4000F1FE00F041FA2046FEF7A6FE0028A5D00C
:10EE50005EB1FFF7A3F92046FEF7F3FDA268014675
:10EE60001046FFF799FAFFF7B9F905B00020BDE8A1
:10EE7000F0832046FEF790FEE8B1206838B9FFF72E
:10EE80008DF9A06800F09AF90646FFF7A7F90499F2
:10EE900004F12400FFF766FA2046FEF7C3FE00F0F7
:10EEA00013FA00287FF47AAFC9F80080BFF34F8FC0
:10EEB000BFF36F8F72E72046FEF7B4FE00F004FA4E
:10EEC0006CE7000004ED00E070B505460C46002D2F
:10EED00015D0E4B1FFF762F9DFF868C0DCF80C0088
:10EEE0006B68C11A2268B2F1FF3F18D02E68DCF8B7
:10EEF00020C0664515D0834213D801241DE0502060
:10EF000080F31188BFF34F8FBFF36F8FFEE7502060
:10EF100080F31188BFF34F8FBFF36F8FFEE700249C
:10EF20000BE08A4206D9501A20602846FFF70CFAF7
:10EF3000002402E0002020600124FFF74FF9204662
:10EF400070BD0000340000242DE9F04F85B08146EB
:10EF50008A4690469B460F9F0E9E4FEA8800FEF71A
:10EF60008FFF054628000AD05C20FEF789FF044683
:10EF70000CB1256304E02846FFF746F900E00024C1
:10EF80009CB1002084F859005B46424651460197E7
:10EF90000096029403904846FEF783FD2046FEF754
:10EFA00081FC05B00120BDE8F08F05B04FF0FF30C7
:10EFB000BDE8F08F70B586B00646DDF828C00C9C21
:10EFC0000B98002816D0ECB15C2504952063022034
:10EFD00084F85900002005ADCDF800C001950294D9
:10EFE00003903046FEF75DFD2046FEF75BFC05987A
:10EFF00006B070BD502080F31188BFF34F8FBFF370
:10F000006F8FFEE7502080F31188BFF34F8FBFF35F
:10F010006F8FFEE705484169002903D0006B18B1E6
:10F020000020704701207047022070473400002400
:10F030000148C068704700003400002410B5FFF795
:10F0400003F90148C06810BD340000242DE9F047E1
:10F050000026314F386B002805D0B869401CB861D4
:10F060003046BDE8F087F868451CFD609DB9786BB7
:10F07000006838B1502080F31188BFF34F8FBFF381
:10F080006F8FFEE7786BB96B7963B863386A401CA1
:10F090003862FEF79DFDB86ADFF8808085420FD3A5
:10F0A0004FF00109786B006838B1786BC068C468AC
:10F0B0006068854212D2B86202E04FF0FF30B86259
:10F0C0003868C06A00EB800058F82000012800D999
:10F0D0000126F8690028C3D00126C1E7201DFFF7EB
:10F0E00006F8A06A18B104F11800FFF700F8E16A09
:10F0F0003A6909FA01F01043386101EB8100211DE2
:10F1000008EB8000FFF73DF8E06A3968C96A884279
:10F11000C8D30126C6E70000340000246814002488
:10F1200070B504460021002841D0224D2868844251
:10F1300007D0502080F31188BFF34F8FBFF36F8F3C
:10F14000FEE7206D38B1401E2065E36CE26A9A420A
:10F150002DD040B12BE0502080F31188BFF34F8FAA
:10F16000BFF36F8FFEE7201DFEF7C1FF124901229A
:10F1700058B9E06A00EB800351F823302BB92B69B2
:10F1800002FA00F023EA00002861E06CE062C0F1BE
:10F190002000A061E06A2B6982401A432A6100EBDB
:10F1A000800001EB8000211DFEF7EBFF01210846E6
:10F1B00070BD0000340000246814002470B50446BB
:10F1C0000020002C37D0204DE16A2A68D26A914293
:10F1D00032D2A06910F0004F04D12868C06AC0F193
:10F1E0002000A061E06A194E616900EB800006EB27
:10F1F000800081421BD1201DFEF779FF012138B923
:10F2000094F82C002A6901FA00F022EA0000286133
:10F210002868C06AE0622A6981401143296100EBD5
:10F220008000211D06EB8000FEF7ABFF02E028689E
:10F23000C06AE062012070BDE16C2A68D26A914226
:10F24000F9D2012070BD00003400002468140024AD
:10F2500070B5C068C468002C14D004F11800FEF723
:10F2600046FF164D286B0126A0B1154804F1180180
:10F27000FEF787FFE06A2968C96A88421CD9012025
:10F28000EE6170BD502080F31188BFF34F8FBFF344
:10F290006F8FFEE7201DFEF72AFFE06A2A6906FA53
:10F2A00000F111432961074900EB800001EB800068
:10F2B000211DFEF766FFDDE7002070BD340000244D
:10F2C00010170024681400242DE9F0470024A046FC
:10F2D0002D4D286B002807D0FEF760FF286B401EDD
:10F2E0002863286B40B149E0502080F31188BFF3B8
:10F2F0004F8FBFF36F8FFEE7A86800283ED0234FE3
:10F300003868012600B3A7F52A79F868C46804F1C3
:10F310001800FEF7ECFE201DFEF7E9FEE06A2A6900
:10F3200006FA00F11143296100EB8000211D09EB71
:10F330008000FEF726FFE06A2968C96A884200D388
:10F34000EE6138680028E0D10CB1FEF741FCAC69F1
:10F3500044B1FFF77BFE00B1EE61641E002CF8D1D2
:10F360000020A861E86948B14FF0010808494FF052
:10F3700080500860BFF34F8FBFF36F8FFEF72EFFF3
:10F380004046BDE8F0870000340000241017002438
:10F3900004ED00E010B500290AD00878002807D055
:10F3A00005487844F1F7D6FD002801D0002010BDB3
:10F3B0000248784410BD0000A20E00009A0E000022
:10F3C0004FF04070E1EE100A7047F1F73CBB0000CF
:10F3D000940101083D8F00080000000000000000BB
:10F3E0008000000000000000000000000006101671
:10F3F00000061016010002000400060008000A00C2
:10F400000C001000200040008000000101010103F9
:10F4100007010000080402040801010100000000C7
:10F42000010203040102030406070809F18B000826
:10F430003D8D0008B98C0008418D0008518C0008F2
:10F440000A000000020000000000000000000000B0
:10F45000435545414141414345454549494941415C
:10F460004592924F4F4F5555594F554F9C4F9E9F28
:10F4700041494F55A5A5A6A7A8A9AAABACADAEAF6B
:10F48000B0B1B2B3B4414141B8B9BABBBCBDBEBF63
:10F49000C0C1C2C3C4C54141C8C9CACBCCCDCECFFF
:10F4A000D1D145454549494949D9DADBDCDD49DF58
:10F4B0004FE14F4F4F4FE6E8E85555555959EEEF9C
:10F4C000F0F1F2F3F4F5F6F7F8F9FAFBFCFDFEFFC4
:10F4D00001030507090E10121416181C1E00010066
:10F4E00004001000400000010002000001000200C2
:10F4F00004000800100020000000C700FC00E90024
:10F50000E200E400E000E500E700EA00EB00E800CC
:10F51000EF00EE00EC00C400C500C900E600C60024
:10F52000F400F600F200FB00F900FF00D600DC005A
:10F53000F800A300D800D7009201E100ED00F3002D
:10F54000FA00F100D100AA00BA00BF00AE00AC0082
:10F55000BD00BC00A100AB00BB0091259225932506
:10F5600002252425C100C200C000A9006325512541
:10F5700057255D25A200A5001025142534252C252E
:10F580001C2500253C25E300C3005A255425692588
:10F590006625602550256C25A400F000D000CA0027
:10F5A000CB00C8003101CD00CE00CF0018250C25BE
:10F5B00088258425A600CC008025D300DF00D40058
:10F5C000D200F500D500B500FE00DE00DA00DB0059
:10F5D000D900FD00DD00AF00B400AD00B100172080
:10F5E000BE00B600A700F700B800B000A800B70042
:10F5F000B900B300B200A025A00061001A03E0002A
:10F600001703F8000703FF00010078010001300133
:10F6100032010601390110014A012E01790106016A
:10F6200080014D0043028101820182018401840135
:10F6300086018701870189018A018B018B018D0178
:10F640008E018F0190019101910193019401F601C6
:10F6500096019701980198013D029B019C019D0133
:10F6600020029F01A001A001A201A201A401A40106
:10F67000A601A701A701A901AA01AB01AC01AC0138
:10F68000AE01AF01AF01B101B201B301B301B501E8
:10F69000B501B701B801B801BA01BB01BC01BC0199
:10F6A000BE01F701C001C101C201C301C401C5010E
:10F6B000C401C701C801C701CA01CB01CA01CD01FC
:10F6C0001001DD0101008E01DE011201F3010300D2
:10F6D000F101F401F401F8012801220212013A02B9
:10F6E0000900652C3B023B023D02662C3F024002B2
:10F6F0004102410246020A01530240008101860193
:10F70000550289018A0158028F015A0290015C0258
:10F710005D025E025F029301610262029401640273
:10F72000650266026702970196016A02622C6C020A
:10F730006D026E029C01700271029D0173027402DF
:10F740009F0176027702780279027A027B027C02BC
:10F75000642C7E027F02A60181028202A90184023A
:10F76000850286028702AE014402B101B201450260
:10F770008D028E028F0290029102B7017B0303007B
:10F78000FD03FE03FF03AC03040086038803890323
:10F790008A03B1031103C2030200A303A303C4033A
:10F7A0000803CC0303008C038E038F03D8031801D6
:10F7B000F2030A00F903F303F403F503F603F70376
:10F7C000F703F903FA03FA03300420035004100787
:10F7D000600422018A043601C1040E01CF04010035
:10F7E000C004D00444016105260400007D1D010011
:10F7F000632C001E9601A01E5A01001F0806101F50
:10F800000606201F0806301F0806401F0606511F67
:10F810000700591F521F5B1F541F5D1F561F5F1F9C
:10F82000601F0806701F0E00BA1FBB1FC81FC91F2C
:10F83000CA1FCB1FDA1FDB1FF81FF91FEA1FEB1FC0
:10F84000FA1FFB1F801F0806901F0806A01F08064E
:10F85000B01F0400B81FB91FB21FBC1FCC1F01008E
:10F86000C31FD01F0206E01F0206E51F0100EC1FA8
:10F87000F21F0100FC1F4E210100322170211002F5
:10F88000842101008321D0241A05302C2F04602C00
:10F890000201672C0601752C0201802C6401002DE9
:10F8A000260841FF1A030000005EBCE2613FDD83D1
:10F8B000C29C7E20A3FD1F419DC3217FFCA2401E50
:10F8C0005F01E3BD3E6082DC237D9FC1421CFEA040
:10F8D000E1BF5D0380DE3C62BEE0025CDF81633D30
:10F8E0007C22C09E1D43A1FF4618FAA427799BC520
:10F8F00084DA3866E5BB5907DB856739BAE4065810
:10F900001947A5FB7826C49A653BD987045AB8E6FF
:10F91000A7F91B45C6987A24F8A6441A99C7257BEF
:10F920003A6486D85B05E7B98CD2306EEDB3510FDF
:10F930004E10F2AC2F7193CD114FADF3702ECC92CF
:10F94000D38D6F31B2EC0E50AFF1134DCE90722CBF
:10F950006D33D18F0C52B0EE326C8ED0530DEFB1AF
:10F96000F0AE4C1291CF2D73CA947628ABF517499F
:10F970000856B4EA6937D58B5709EBB536688AD48F
:10F9800095CB2977F4AA4816E9B7550B88D6346A7F
:10F990002B7597C94A14F6A8742AC896154BA9F76F
:10F9A000B6E80A54D7896B35000021104220633035
:10F9B0008440A550C660E770088129914AA16BB1C7
:10F9C0008CC1ADD1CEE1EFF131121002733252226F
:10F9D000B5529442F772D662399318837BB35AA317
:10F9E000BDD39CC3FFF3DEE362244334200401143F
:10F9F000E664C774A44485546AA54BB52885099567
:10FA0000EEE5CFF5ACC58DD553367226111630060E
:10FA1000D776F6669556B4465BB77AA719973887B6
:10FA2000DFF7FEE79DD7BCC7C448E5588668A778CE
:10FA30004008611802282338CCC9EDD98EE9AFF906
:10FA4000488969990AA92BB9F55AD44AB77A966AAE
:10FA5000711A500A333A122AFDDBDCCBBFFB9EEB56
:10FA6000799B588B3BBB1AABA66C877CE44CC55C7E
:10FA7000222C033C600C411CAEED8FFDECCDCDDDA6
:10FA80002AAD0BBD688D499D977EB66ED55EF44E4E
:10FA9000133E322E511E700E9FFFBEEFDDDFFCCFF6
:10FAA0001BBF3AAF599F788F8891A981CAB1EBA14A
:10FAB0000CD12DC14EF16FE18010A100C230E320C6
:10FAC0000450254046706760B9839893FBA3DAB36E
:10FAD0003DC31CD37FE35EF3B1029012F322D23216
:10FAE0003542145277625672EAB5CBA5A89589853E
:10FAF0006EF54FE52CD50DC5E234C324A014810466
:10FB00006674476424540544DBA7FAB79987B8970D
:10FB10005FE77EF71DC73CD7D326F2369106B016B5
:10FB200057667676154634564CD96DC90EF92FE9CD
:10FB3000C899E9898AB9ABA9445865480678276805
:10FB4000C018E1088238A3287DCB5CDB3FEB1EFBAD
:10FB5000F98BD89BBBAB9ABB754A545A376A167A55
:10FB6000F10AD01AB32A923A2EFD0FED6CDD4DCD7D
:10FB7000AABD8BADE89DC98D267C076C645C454CA5
:10FB8000A23C832CE01CC10C1FEF3EFF5DCF7CDF4D
:10FB90009BAFBABFD98FF89F176E367E554E745EF5
:10FBA000932EB23ED10EF01E000000009630077773
:10FBB0002C610EEEBA51099919C46D078FF46A7061
:10FBC00035A563E9A395649E3288DB0EA4B8DC7981
:10FBD0001EE9D5E088D9D2972B4CB609BD7CB17E01
:10FBE000072DB8E7911DBF906410B71DF220B06AD1
:10FBF0004871B9F3DE41BE847DD4DA1AEBE4DD6DE1
:10FC000051B5D4F4C785D38356986C13C0A86B64E0
:10FC10007AF962FDECC9658A4F5C0114D96C066300
:10FC2000633D0FFAF50D088DC8206E3B5E10694CE0
:10FC3000E44160D5727167A2D1E4033C47D4044B20
:10FC4000FD850DD26BB50AA5FAA8B5356C98B24200
:10FC5000D6C9BBDB40F9BCACE36CD832755CDF4580
:10FC6000CF0DD6DC593DD1ABAC30D9263A00DE51B0
:10FC70008051D7C81661D0BFB5F4B42123C4B356A0
:10FC80009995BACF0FA5BDB89EB802280888055F20
:10FC9000B2D90CC624E90BB1877C6F2F114C685880
:10FCA000AB1D61C13D2D66B69041DC760671DB016E
:10FCB000BC20D2982A10D5EF8985B1711FB5B60640
:10FCC000A5E4BF9F33D4B8E8A2C9077834F9000F80
:10FCD0008EA8099618980EE1BB0D6A7F2D3D6D0820
:10FCE000976C6491015C63E6F4516B6B62616C1C10
:10FCF000D83065854E0062F2ED95066C7BA5011B40
:10FD0000C1F4088257C40FF5C6D9B06550E9B712DF
:10FD1000EAB8BE8B7C88B9FCDF1DDD62492DDA159F
:10FD2000F37CD38C654CD4FB5861B24DCE51B53ABF
:10FD30007400BCA3E230BBD441A5DF4AD795D83DBF
:10FD40006DC4D1A4FBF4D6D36AE96943FCD96E34FF
:10FD5000468867ADD0B860DA732D0444E51D0333DF
:10FD60005F4C0AAAC97C0DDD3C710550AA410227EF
:10FD700010100BBE86200CC925B56857B3856F20BF
:10FD800009D466B99FE461CE0EF9DE5E98C9D9291F
:10FD90002298D0B0B4A8D7C7173DB359810DB42E5F
:10FDA0003B5CBDB7AD6CBAC02083B8EDB6B3BF9AAB
:10FDB0000CE2B6039AD2B1743947D5EAAF77D29D37
:10FDC0001526DB048316DC73120B63E3843B649417
:10FDD0003E6A6D0DA85A6A7A0BCF0EE49DFF099317
:10FDE00027AE000AB19E077D44930FF0D2A3088787
:10FDF00068F2011EFEC206695D5762F7CB67658037
:10FE000071366C19E7066B6E761BD4FEE02BD38936
:10FE10005A7ADA10CC4ADD676FDFB9F9F9EFBE8E96
:10FE200043BEB717D58EB060E8A3D6D67E93D1A1D6
:10FE3000C4C2D83852F2DF4FF167BBD16757BCA6B6
:10FE4000DD06B53F4B36B248DA2B0DD84C1B0AAF56
:10FE5000F64A0336607A0441C3EF60DF55DF67A8D6
:10FE6000EF8E6E3179BE69468CB361CB1A8366BC66
:10FE7000A0D26F2536E2685295770CCC03470BBBB6
:10FE8000B91602222F260555BE3BBAC5280BBDB2B6
:10FE9000925AB42B046AB35CA7FFD7C231CFD0B556
:10FEA0008B9ED92C1DAEDE5BB0C2649B26F263EC48
:10FEB0009CA36A750A936D02A906099C3F360EEB56
:10FEC0008567077213570005824ABF95147AB8E216
:10FED000AE2BB17B381BB60C9B8ED2920DBED5E5F6
:10FEE000B7EFDC7C21DFDB0BD4D2D38642E2D4F146
:10FEF000F8B3DD686E83DA1FCD16BE815B26B9F6D6
:10FF0000E177B06F7747B718E65A0888706A0FFF35
:10FF1000CA3B06665C0B0111FF9E658F69AE62F8F5
:10FF2000D3FF6B6145CF6C1678E20AA0EED20DD7F5
:10FF30005483044EC2B30339612667A7F71660D015
:10FF40004D476949DB776E3E4A6AD1AEDC5AD6D955
:10FF5000660BDF40F03BD83753AEBCA9C59EBBDE75
:10FF60007FCFB247E9FFB5301CF2BDBD8AC2BACA25
:10FF70003093B353A6A3B4240536D0BA9306D7CD95
:10FF80002957DE54BF67D9232E7A66B3B84A61C4B5
:10FF9000021B685D942B6F2A37BE0BB4A18E0CC375
:10FFA0001BDF055A8DEF022D040000080000000041
:10FFB000000000020001000010000000000000002E
:10FFC0004C5555555555A53F7751C1166CC156BF77
:10FFD0009015CB19A001FA3EAD529C804F7E92BE87
:10FFE000C4B1B4BD9EEE213ED43888BEE9FAA8BDA6
:10FFF00000004054FB21F93F3163621A61B4D03DE7
:020000040801F1
:100000000000601A61B4D03D7370032E8A19A33BBF
:100010000000002E8A19A33BC14920259A837B3911
:1000200000000000000000006E83F9A22915444E74
:10003000D15727FCC0DD34F5999562DB4190433CF4
:10004000AB6351FE61C5BBDE3A6E24B7E0D24D42D0
:10005000EA2E49061C92D1091CEB1DFE3EA729B1D0
:10006000F53582E88444BB2E26709CE9417E5FB45E
:1000700039D69139F43953838B5F849C3B28F9BD81
:10008000FF97F81F0F9805DE8B112FEF1F6D0A5A8F
:10009000CF7E366DB709CB27663F464F2DEA5F9E70
:1000A000C7BA27757BF1E5EBF739073DEA92528A2B
:1000B000B15FFB6B085D8D1F000000006E83F9A22D
:1000C0002915444ED15727FCC0DD34F5999562DBE4
:1000D0004190433CAB6351FEA6F810111111813FD2
:1000E000D561C119A0012ABF7DFEB157E31DC73EEE
:1000F000EB9C2B8AE6E55ABE7CD5CF5A3AD9E53D32
:1001000002400000000000A00000000005400000C8
:10011000000000C8000000000C4000000000409CEF
:1001200000000000194000000020BCBE00000000DC
:1001300034400000BFC91B8E00000004B540000021
:10014000504BCFD06607E2CF010000006C410000A9
:100150003E8251AADFEEA73401000000D942000020
:10016000DCB5A0E23A301F97FFFFFFFFB445000067
:10017000FD25A0C8E9A3C14FFFFFFFFFFF3F00001F
:100180000000008000000000FF3F00000000008031
:100190000000000064656661756C745461736B00E7
:1001A00025302E32662C25302E32662C25302E320C
:1001B000662C25302E32662C25302E32662C2530CA
:1001C0002E32662C25302E35662C25302E35662CA9
:1001D00025302E32662C25302E32662C25302E32DC
:1001E000662C25302E32662C25302E32662C25309A
:1001F0002E32662C25302E32662C25302E31662C80
:1002000025302E31662C25302E31662C25302E32AD
:10021000662C25302E32662C25302E3266200D0AB3
:10022000000000006002010800000024F804000043
:10023000D4020008FC030108F8040024A899000077
:10024000300300081C00000043000000F8FFFFFF1F
:100250000C0000000E0000000F0000002E00000047
:1002600081320182102C90D003042914015C1AAA57
:1002700001011ECB084008A1280BB81E85EB51B820
:10028000F23F9A99014A2320DBC08228FA593801AB
:10029000FF01B91A660110BBE61CCD40223B3F812D
:1002A000FE8CCA407C185660B376C540ACA60425C7
:1002B000E5DBC240B3BB6716F936AC40F4B0DA4EAA
:1002C00019EF9540FF583CFB0D858E3FF6E178789D
:1002D000CAD08C3F9346D2947135883F083183BB96
:1002E0000FE0843FCF2CD3D7339F89BFC170E8D8AC
:1002F000A2FAB1BF5C7801CAB8FE50407B40E04929
:100300002FF651406E308D099A2F554064AA384718
:10031000F25A584065E21C04194150C08F2C624DBE
:1003200025400FC01184309252EDB2BFC414E0D901
:100330006C14B4BF51868825A626B7BF64F80B0A93
:10034000A45DB9BF2E30102F5FC6CFBF3ABEE9B053
:10035000556F0A5EC090102F0C65934752C6BA3F86
:10036000934DE6B05C3ABC3F22FF716A4302C03F46
:10037000B38A8025BF57C13FA14CDA9F0D29D33FD7
:10038000C6680BEFACD500623C4063ACA0FABBD9A9
:1003900098BFBB36F33DDCF999BFFC7F316370C376
:1003A0009CBFCC2C1A6377989EBFD5D81022984456
:1003B000A8BF4E04ABC34988B2BF18B9FB8351FC38
:1003C00015C01F62A0F6951116C08982C109ED46BD
:1003D00016C079346069846A16C0F1B9401394DF9D
:1003E00017C02A6C900F7C531AC03202321932188F
:0C03F00032055A0C082904210344803F08
:040000050800029954
:00000001FF
